ID,timestamp,chain,tx/signature,source,destination,asset,amount,USD value if available,action,protocol,signer/authority if known,provenance status,classification,source_record,notes,price_USDC,USDC_spent,fee_asset,fee_amount,order_ID,trade_ID,client_order_ID,related_ledger_ID,record_type
F0221,2026-10-07T01:49:59.698Z,Hyperliquid spot account ledger (first-party API),0x8dbae1eed7901c688f3404460191b102028400d472933b3a31838d419693f653,0xd7efd720adf271b7173dd01a9b81668892bee6b1 spot USDC account,0xd7efd720adf271b7173dd01a9b81668892bee6b1 spot XMR1 account,XMR1 (Hyperliquid token index 404),1.78,,spot buy fill,Hyperliquid spot market @260,NOT ESTABLISHED by read-only API response,intact account execution association; mixed protocol custody,CONFIRMED,raw/hl_fills_0xd7efd720adf271b7173dd01a9b81668892bee6b1.response.json,"API execution record, not independently reproduced HyperCore consensus inclusion. XMR1 is not proof of native Monero receipt. Gross bought amount before separately recorded XMR1 fee. No extra incident loss counted.",560.11,996.9958,XMR1,0.001246,567213998299,191346146276755,0x2d3645f6fa2dbb7b7d0ac6ea43c4bf31,F0190,spot execution account record
F0222,2026-10-07T01:49:59.698Z,Hyperliquid spot account ledger (first-party API),0x8dbae1eed7901c688f3404460191b102028400d472933b3a31838d419693f653,0xd7efd720adf271b7173dd01a9b81668892bee6b1 spot USDC account,0xd7efd720adf271b7173dd01a9b81668892bee6b1 spot XMR1 account,XMR1 (Hyperliquid token index 404),0.05,,spot buy fill,Hyperliquid spot market @260,NOT ESTABLISHED by read-only API response,intact account execution association; mixed protocol custody,CONFIRMED,raw/hl_fills_0xd7efd720adf271b7173dd01a9b81668892bee6b1.response.json,"API execution record, not independently reproduced HyperCore consensus inclusion. XMR1 is not proof of native Monero receipt. Gross bought amount before separately recorded XMR1 fee. No extra incident loss counted.",560.48,28.0240,XMR1,0.000035,567213998299,239034700686810,0x2d3645f6fa2dbb7b7d0ac6ea43c4bf31,F0190,spot execution account record
F0223,2026-10-07T01:49:59.698Z,Hyperliquid spot account ledger (first-party API),0x8dbae1eed7901c688f3404460191b102028400d472933b3a31838d419693f653,0xd7efd720adf271b7173dd01a9b81668892bee6b1 spot USDC account,0xd7efd720adf271b7173dd01a9b81668892bee6b1 spot XMR1 account,XMR1 (Hyperliquid token index 404),0.06,,spot buy fill,Hyperliquid spot market @260,NOT ESTABLISHED by read-only API response,intact account execution association; mixed protocol custody,CONFIRMED,raw/hl_fills_0xd7efd720adf271b7173dd01a9b81668892bee6b1.response.json,"API execution record, not independently reproduced HyperCore consensus inclusion. XMR1 is not proof of native Monero receipt. Gross bought amount before separately recorded XMR1 fee. No extra incident loss counted.",560.27,33.6162,XMR1,0.000042,567213998299,282909026973220,0x2d3645f6fa2dbb7b7d0ac6ea43c4bf31,F0190,spot execution account record
F0224,2026-10-07T01:49:59.698Z,Hyperliquid spot account ledger (first-party API),0x8dbae1eed7901c688f3404460191b102028400d472933b3a31838d419693f653,0xd7efd720adf271b7173dd01a9b81668892bee6b1 spot USDC account,0xd7efd720adf271b7173dd01a9b81668892bee6b1 spot XMR1 account,XMR1 (Hyperliquid token index 404),52.56,,spot buy fill,Hyperliquid spot market @260,NOT ESTABLISHED by read-only API response,intact account execution association; mixed protocol custody,CONFIRMED,raw/hl_fills_0xd7efd720adf271b7173dd01a9b81668892bee6b1.response.json,"API execution record, not independently reproduced HyperCore consensus inclusion. XMR1 is not proof of native Monero receipt. Gross bought amount before separately recorded XMR1 fee. No extra incident loss counted.",560.3,29449.368,XMR1,0.036792,567213998299,526769759259442,0x2d3645f6fa2dbb7b7d0ac6ea43c4bf31,F0190,spot execution account record
F0225,2026-10-07T01:49:59.698Z,Hyperliquid spot account ledger (first-party API),0x8dbae1eed7901c688f3404460191b102028400d472933b3a31838d419693f653,0xd7efd720adf271b7173dd01a9b81668892bee6b1 spot USDC account,0xd7efd720adf271b7173dd01a9b81668892bee6b1 spot XMR1 account,XMR1 (Hyperliquid token index 404),4.75,,spot buy fill,Hyperliquid spot market @260,NOT ESTABLISHED by read-only API response,intact account execution association; mixed protocol custody,CONFIRMED,raw/hl_fills_0xd7efd720adf271b7173dd01a9b81668892bee6b1.response.json,"API execution record, not independently reproduced HyperCore consensus inclusion. XMR1 is not proof of native Monero receipt. Gross bought amount before separately recorded XMR1 fee. No extra incident loss counted.",560.37,2661.7575,XMR1,0.003325,567213998299,568409347181892,0x2d3645f6fa2dbb7b7d0ac6ea43c4bf31,F0190,spot execution account record
F0226,2026-10-07T01:49:59.698Z,Hyperliquid spot account ledger (first-party API),0x8dbae1eed7901c688f3404460191b102028400d472933b3a31838d419693f653,0xd7efd720adf271b7173dd01a9b81668892bee6b1 spot USDC account,0xd7efd720adf271b7173dd01a9b81668892bee6b1 spot XMR1 account,XMR1 (Hyperliquid token index 404),12.22,,spot buy fill,Hyperliquid spot market @260,NOT ESTABLISHED by read-only API response,intact account execution association; mixed protocol custody,CONFIRMED,raw/hl_fills_0xd7efd720adf271b7173dd01a9b81668892bee6b1.response.json,"API execution record, not independently reproduced HyperCore consensus inclusion. XMR1 is not proof of native Monero receipt. Gross bought amount before separately recorded XMR1 fee. No extra incident loss counted.",560.5,6849.310,XMR1,0.008554,567213998299,806259447048989,0x2d3645f6fa2dbb7b7d0ac6ea43c4bf31,F0190,spot execution account record
F0227,2026-10-07T01:50:02.918Z,Hyperliquid spot account ledger (first-party API),0x5a23e881316f393b5b9d04460191d50201750066cc62580dfdec93d3f0631325,0xd7efd720adf271b7173dd01a9b81668892bee6b1 spot USDC account,0xd7efd720adf271b7173dd01a9b81668892bee6b1 spot XMR1 account,XMR1 (Hyperliquid token index 404),0.06,,spot buy fill,Hyperliquid spot market @260,NOT ESTABLISHED by read-only API response,intact account execution association; mixed protocol custody,CONFIRMED,raw/hl_fills_0xd7efd720adf271b7173dd01a9b81668892bee6b1.response.json,"API execution record, not independently reproduced HyperCore consensus inclusion. XMR1 is not proof of native Monero receipt. Gross bought amount before separately recorded XMR1 fee. No extra incident loss counted.",560.63,33.6378,XMR1,0.000042,567214027878,639727041112785,0x3f244a3877c3916e64589ff2adf2f04f,F0190,spot execution account record
F0228,2026-10-07T01:50:02.918Z,Hyperliquid spot account ledger (first-party API),0x5a23e881316f393b5b9d04460191d50201750066cc62580dfdec93d3f0631325,0xd7efd720adf271b7173dd01a9b81668892bee6b1 spot USDC account,0xd7efd720adf271b7173dd01a9b81668892bee6b1 spot XMR1 account,XMR1 (Hyperliquid token index 404),20.06,,spot buy fill,Hyperliquid spot market @260,NOT ESTABLISHED by read-only API response,intact account execution association; mixed protocol custody,CONFIRMED,raw/hl_fills_0xd7efd720adf271b7173dd01a9b81668892bee6b1.response.json,"API execution record, not independently reproduced HyperCore consensus inclusion. XMR1 is not proof of native Monero receipt. Gross bought amount before separately recorded XMR1 fee. No extra incident loss counted.",560.57,11245.0342,XMR1,0.014042,567214027878,1075001602586163,0x3f244a3877c3916e64589ff2adf2f04f,F0190,spot execution account record
F0229,2026-10-07T01:50:06.073Z,Hyperliquid spot account ledger (first-party API),0xeedbc0b7ae28fa79f05504460191fc02021e009d492c194b92a46c0a6d2cd464,0xd7efd720adf271b7173dd01a9b81668892bee6b1 spot USDC account,0xd7efd720adf271b7173dd01a9b81668892bee6b1 spot XMR1 account,XMR1 (Hyperliquid token index 404),0.05,,spot buy fill,Hyperliquid spot market @260,NOT ESTABLISHED by read-only API response,intact account execution association; mixed protocol custody,CONFIRMED,raw/hl_fills_0xd7efd720adf271b7173dd01a9b81668892bee6b1.response.json,"API execution record, not independently reproduced HyperCore consensus inclusion. XMR1 is not proof of native Monero receipt. Gross bought amount before separately recorded XMR1 fee. No extra incident loss counted.",560.53,28.0265,XMR1,0.000035,567214053566,700141858677619,0x9f9b56fafa5ccdf6ca735f147d3e60e5,F0190,spot execution account record
F0230,2026-10-07T01:50:09.829Z,Hyperliquid spot account ledger (first-party API),0xe297b826dacea671e4110446019230020174000c75c1c5438660637999c2805c,0xd7efd720adf271b7173dd01a9b81668892bee6b1 spot USDC account,0xd7efd720adf271b7173dd01a9b81668892bee6b1 spot XMR1 account,XMR1 (Hyperliquid token index 404),0.02,,spot buy fill,Hyperliquid spot market @260,NOT ESTABLISHED by read-only API response,intact account execution association; mixed protocol custody,CONFIRMED,raw/hl_fills_0xd7efd720adf271b7173dd01a9b81668892bee6b1.response.json,"API execution record, not independently reproduced HyperCore consensus inclusion. XMR1 is not proof of native Monero receipt. Gross bought amount before separately recorded XMR1 fee. No extra incident loss counted.",560.59,11.2118,XMR1,0.000014,567214087367,573581541165902,0xb0a52b4eaf33ee8c4fa60295bea94669,F0190,spot execution account record
F0231,2026-10-07T01:50:09.829Z,Hyperliquid spot account ledger (first-party API),0xe297b826dacea671e4110446019230020174000c75c1c5438660637999c2805c,0xd7efd720adf271b7173dd01a9b81668892bee6b1 spot USDC account,0xd7efd720adf271b7173dd01a9b81668892bee6b1 spot XMR1 account,XMR1 (Hyperliquid token index 404),0.2,,spot buy fill,Hyperliquid spot market @260,NOT ESTABLISHED by read-only API response,intact account execution association; mixed protocol custody,CONFIRMED,raw/hl_fills_0xd7efd720adf271b7173dd01a9b81668892bee6b1.response.json,"API execution record, not independently reproduced HyperCore consensus inclusion. XMR1 is not proof of native Monero receipt. Gross bought amount before separately recorded XMR1 fee. No extra incident loss counted.",560.74,112.148,XMR1,0.00014,567214087367,1093239386900581,0xb0a52b4eaf33ee8c4fa60295bea94669,F0190,spot execution account record
F0232,2026-10-07T01:50:09.829Z,Hyperliquid spot account ledger (first-party API),0xe297b826dacea671e4110446019230020174000c75c1c5438660637999c2805c,0xd7efd720adf271b7173dd01a9b81668892bee6b1 spot USDC account,0xd7efd720adf271b7173dd01a9b81668892bee6b1 spot XMR1 account,XMR1 (Hyperliquid token index 404),74.96,,spot buy fill,Hyperliquid spot market @260,NOT ESTABLISHED by read-only API response,intact account execution association; mixed protocol custody,CONFIRMED,raw/hl_fills_0xd7efd720adf271b7173dd01a9b81668892bee6b1.response.json,"API execution record, not independently reproduced HyperCore consensus inclusion. XMR1 is not proof of native Monero receipt. Gross bought amount before separately recorded XMR1 fee. No extra incident loss counted.",560.74,42033.0704,XMR1,0.052472,567214087367,1110022000394153,0xb0a52b4eaf33ee8c4fa60295bea94669,F0190,spot execution account record
F0233,2026-10-07T01:50:11.437Z,Hyperliquid spot account ledger (first-party API),0xcc5a7264ba81bc01cdd4044601924402016c004a5584dad370231db7798595ec,0xd7efd720adf271b7173dd01a9b81668892bee6b1 spot USDC account,0xd7efd720adf271b7173dd01a9b81668892bee6b1 spot XMR1 account,XMR1 (Hyperliquid token index 404),12.58,,spot buy fill,Hyperliquid spot market @260,NOT ESTABLISHED by read-only API response,intact account execution association; mixed protocol custody,CONFIRMED,raw/hl_fills_0xd7efd720adf271b7173dd01a9b81668892bee6b1.response.json,"API execution record, not independently reproduced HyperCore consensus inclusion. XMR1 is not proof of native Monero receipt. Gross bought amount before separately recorded XMR1 fee. No extra incident loss counted.",560.74,7054.1092,XMR1,0.008806,567214099995,430306498180694,0x24fca8c37eda02566e8c3165554d1d69,F0190,spot execution account record
F0234,2026-10-07T01:53:11.511Z,Hyperliquid spot account ledger (first-party API),0x33a0f43f9169d748351a0446019c0d02025d00252c6cf61ad7699f92506db132,0x68d6e20a28f9d50ebf798ccf9fae9e3d5e4f1ac4 spot USDC account,0x68d6e20a28f9d50ebf798ccf9fae9e3d5e4f1ac4 spot XMR1 account,XMR1 (Hyperliquid token index 404),0.07,,spot buy fill,Hyperliquid spot market @260,NOT ESTABLISHED by read-only API response,intact account execution association; mixed protocol custody,CONFIRMED,raw/hl_fills_0x68d6e20a28f9d50ebf798ccf9fae9e3d5e4f1ac4.response.json,"API execution record, not independently reproduced HyperCore consensus inclusion. XMR1 is not proof of native Monero receipt. Gross bought amount before separately recorded XMR1 fee. No extra incident loss counted.",561.66,39.3162,XMR1,0.000049,567215868114,35724362900897,0xfe1540960c0e406313308aacb000a28f,F0191,spot execution account record
F0235,2026-10-07T01:53:11.511Z,Hyperliquid spot account ledger (first-party API),0x33a0f43f9169d748351a0446019c0d02025d00252c6cf61ad7699f92506db132,0x68d6e20a28f9d50ebf798ccf9fae9e3d5e4f1ac4 spot USDC account,0x68d6e20a28f9d50ebf798ccf9fae9e3d5e4f1ac4 spot XMR1 account,XMR1 (Hyperliquid token index 404),0.07,,spot buy fill,Hyperliquid spot market @260,NOT ESTABLISHED by read-only API response,intact account execution association; mixed protocol custody,CONFIRMED,raw/hl_fills_0x68d6e20a28f9d50ebf798ccf9fae9e3d5e4f1ac4.response.json,"API execution record, not independently reproduced HyperCore consensus inclusion. XMR1 is not proof of native Monero receipt. Gross bought amount before separately recorded XMR1 fee. No extra incident loss counted.",562.78,39.3946,XMR1,0.000049,567215868114,81802328936905,0xfe1540960c0e406313308aacb000a28f,F0191,spot execution account record
F0236,2026-10-07T01:53:11.511Z,Hyperliquid spot account ledger (first-party API),0x33a0f43f9169d748351a0446019c0d02025d00252c6cf61ad7699f92506db132,0x68d6e20a28f9d50ebf798ccf9fae9e3d5e4f1ac4 spot USDC account,0x68d6e20a28f9d50ebf798ccf9fae9e3d5e4f1ac4 spot XMR1 account,XMR1 (Hyperliquid token index 404),0.03,,spot buy fill,Hyperliquid spot market @260,NOT ESTABLISHED by read-only API response,intact account execution association; mixed protocol custody,CONFIRMED,raw/hl_fills_0x68d6e20a28f9d50ebf798ccf9fae9e3d5e4f1ac4.response.json,"API execution record, not independently reproduced HyperCore consensus inclusion. XMR1 is not proof of native Monero receipt. Gross bought amount before separately recorded XMR1 fee. No extra incident loss counted.",562.36,16.8708,XMR1,0.000021,567215868114,161724734500752,0xfe1540960c0e406313308aacb000a28f,F0191,spot execution account record
F0237,2026-10-07T01:53:11.511Z,Hyperliquid spot account ledger (first-party API),0x33a0f43f9169d748351a0446019c0d02025d00252c6cf61ad7699f92506db132,0x68d6e20a28f9d50ebf798ccf9fae9e3d5e4f1ac4 spot USDC account,0x68d6e20a28f9d50ebf798ccf9fae9e3d5e4f1ac4 spot XMR1 account,XMR1 (Hyperliquid token index 404),0.03,,spot buy fill,Hyperliquid spot market @260,NOT ESTABLISHED by read-only API response,intact account execution association; mixed protocol custody,CONFIRMED,raw/hl_fills_0x68d6e20a28f9d50ebf798ccf9fae9e3d5e4f1ac4.response.json,"API execution record, not independently reproduced HyperCore consensus inclusion. XMR1 is not proof of native Monero receipt. Gross bought amount before separately recorded XMR1 fee. No extra incident loss counted.",562.85,16.8855,XMR1,0.000021,567215868114,163577376997517,0xfe1540960c0e406313308aacb000a28f,F0191,spot execution account record
F0238,2026-10-07T01:53:11.511Z,Hyperliquid spot account ledger (first-party API),0x33a0f43f9169d748351a0446019c0d02025d00252c6cf61ad7699f92506db132,0x68d6e20a28f9d50ebf798ccf9fae9e3d5e4f1ac4 spot USDC account,0x68d6e20a28f9d50ebf798ccf9fae9e3d5e4f1ac4 spot XMR1 account,XMR1 (Hyperliquid token index 404),0.06,,spot buy fill,Hyperliquid spot market @260,NOT ESTABLISHED by read-only API response,intact account execution association; mixed protocol custody,CONFIRMED,raw/hl_fills_0x68d6e20a28f9d50ebf798ccf9fae9e3d5e4f1ac4.response.json,"API execution record, not independently reproduced HyperCore consensus inclusion. XMR1 is not proof of native Monero receipt. Gross bought amount before separately recorded XMR1 fee. No extra incident loss counted.",561.32,33.6792,XMR1,0.000042,567215868114,296294439639986,0xfe1540960c0e406313308aacb000a28f,F0191,spot execution account record
F0239,2026-10-07T01:53:11.511Z,Hyperliquid spot account ledger (first-party API),0x33a0f43f9169d748351a0446019c0d02025d00252c6cf61ad7699f92506db132,0x68d6e20a28f9d50ebf798ccf9fae9e3d5e4f1ac4 spot USDC account,0x68d6e20a28f9d50ebf798ccf9fae9e3d5e4f1ac4 spot XMR1 account,XMR1 (Hyperliquid token index 404),3.37,,spot buy fill,Hyperliquid spot market @260,NOT ESTABLISHED by read-only API response,intact account execution association; mixed protocol custody,CONFIRMED,raw/hl_fills_0x68d6e20a28f9d50ebf798ccf9fae9e3d5e4f1ac4.response.json,"API execution record, not independently reproduced HyperCore consensus inclusion. XMR1 is not proof of native Monero receipt. Gross bought amount before separately recorded XMR1 fee. No extra incident loss counted.",561.72,1892.9964,XMR1,0.002359,567215868114,300544975632601,0xfe1540960c0e406313308aacb000a28f,F0191,spot execution account record
F0240,2026-10-07T01:53:11.511Z,Hyperliquid spot account ledger (first-party API),0x33a0f43f9169d748351a0446019c0d02025d00252c6cf61ad7699f92506db132,0x68d6e20a28f9d50ebf798ccf9fae9e3d5e4f1ac4 spot USDC account,0x68d6e20a28f9d50ebf798ccf9fae9e3d5e4f1ac4 spot XMR1 account,XMR1 (Hyperliquid token index 404),0.05,,spot buy fill,Hyperliquid spot market @260,NOT ESTABLISHED by read-only API response,intact account execution association; mixed protocol custody,CONFIRMED,raw/hl_fills_0x68d6e20a28f9d50ebf798ccf9fae9e3d5e4f1ac4.response.json,"API execution record, not independently reproduced HyperCore consensus inclusion. XMR1 is not proof of native Monero receipt. Gross bought amount before separately recorded XMR1 fee. No extra incident loss counted.",562.46,28.1230,XMR1,0.000035,567215868114,465494070759447,0xfe1540960c0e406313308aacb000a28f,F0191,spot execution account record
F0241,2026-10-07T01:53:11.511Z,Hyperliquid spot account ledger (first-party API),0x33a0f43f9169d748351a0446019c0d02025d00252c6cf61ad7699f92506db132,0x68d6e20a28f9d50ebf798ccf9fae9e3d5e4f1ac4 spot USDC account,0x68d6e20a28f9d50ebf798ccf9fae9e3d5e4f1ac4 spot XMR1 account,XMR1 (Hyperliquid token index 404),0.03,,spot buy fill,Hyperliquid spot market @260,NOT ESTABLISHED by read-only API response,intact account execution association; mixed protocol custody,CONFIRMED,raw/hl_fills_0x68d6e20a28f9d50ebf798ccf9fae9e3d5e4f1ac4.response.json,"API execution record, not independently reproduced HyperCore consensus inclusion. XMR1 is not proof of native Monero receipt. Gross bought amount before separately recorded XMR1 fee. No extra incident loss counted.",562.07,16.8621,XMR1,0.000021,567215868114,544216533851652,0xfe1540960c0e406313308aacb000a28f,F0191,spot execution account record
F0242,2026-10-07T01:53:11.511Z,Hyperliquid spot account ledger (first-party API),0x33a0f43f9169d748351a0446019c0d02025d00252c6cf61ad7699f92506db132,0x68d6e20a28f9d50ebf798ccf9fae9e3d5e4f1ac4 spot USDC account,0x68d6e20a28f9d50ebf798ccf9fae9e3d5e4f1ac4 spot XMR1 account,XMR1 (Hyperliquid token index 404),17.79,,spot buy fill,Hyperliquid spot market @260,NOT ESTABLISHED by read-only API response,intact account execution association; mixed protocol custody,CONFIRMED,raw/hl_fills_0x68d6e20a28f9d50ebf798ccf9fae9e3d5e4f1ac4.response.json,"API execution record, not independently reproduced HyperCore consensus inclusion. XMR1 is not proof of native Monero receipt. Gross bought amount before separately recorded XMR1 fee. No extra incident loss counted.",561.78,9994.0662,XMR1,0.012453,567215868114,601033018647962,0xfe1540960c0e406313308aacb000a28f,F0191,spot execution account record
F0243,2026-10-07T01:53:11.511Z,Hyperliquid spot account ledger (first-party API),0x33a0f43f9169d748351a0446019c0d02025d00252c6cf61ad7699f92506db132,0x68d6e20a28f9d50ebf798ccf9fae9e3d5e4f1ac4 spot USDC account,0x68d6e20a28f9d50ebf798ccf9fae9e3d5e4f1ac4 spot XMR1 account,XMR1 (Hyperliquid token index 404),1.11,,spot buy fill,Hyperliquid spot market @260,NOT ESTABLISHED by read-only API response,intact account execution association; mixed protocol custody,CONFIRMED,raw/hl_fills_0x68d6e20a28f9d50ebf798ccf9fae9e3d5e4f1ac4.response.json,"API execution record, not independently reproduced HyperCore consensus inclusion. XMR1 is not proof of native Monero receipt. Gross bought amount before separately recorded XMR1 fee. No extra incident loss counted.",561.94,623.7534,XMR1,0.000777,567215868114,623922474348575,0xfe1540960c0e406313308aacb000a28f,F0191,spot execution account record
F0244,2026-10-07T01:53:11.511Z,Hyperliquid spot account ledger (first-party API),0x33a0f43f9169d748351a0446019c0d02025d00252c6cf61ad7699f92506db132,0x68d6e20a28f9d50ebf798ccf9fae9e3d5e4f1ac4 spot USDC account,0x68d6e20a28f9d50ebf798ccf9fae9e3d5e4f1ac4 spot XMR1 account,XMR1 (Hyperliquid token index 404),2.6,,spot buy fill,Hyperliquid spot market @260,NOT ESTABLISHED by read-only API response,intact account execution association; mixed protocol custody,CONFIRMED,raw/hl_fills_0x68d6e20a28f9d50ebf798ccf9fae9e3d5e4f1ac4.response.json,"API execution record, not independently reproduced HyperCore consensus inclusion. XMR1 is not proof of native Monero receipt. Gross bought amount before separately recorded XMR1 fee. No extra incident loss counted.",562.28,1461.928,XMR1,0.00182,567215868114,626162858230058,0xfe1540960c0e406313308aacb000a28f,F0191,spot execution account record
F0245,2026-10-07T01:53:11.511Z,Hyperliquid spot account ledger (first-party API),0x33a0f43f9169d748351a0446019c0d02025d00252c6cf61ad7699f92506db132,0x68d6e20a28f9d50ebf798ccf9fae9e3d5e4f1ac4 spot USDC account,0x68d6e20a28f9d50ebf798ccf9fae9e3d5e4f1ac4 spot XMR1 account,XMR1 (Hyperliquid token index 404),17.19,,spot buy fill,Hyperliquid spot market @260,NOT ESTABLISHED by read-only API response,intact account execution association; mixed protocol custody,CONFIRMED,raw/hl_fills_0x68d6e20a28f9d50ebf798ccf9fae9e3d5e4f1ac4.response.json,"API execution record, not independently reproduced HyperCore consensus inclusion. XMR1 is not proof of native Monero receipt. Gross bought amount before separately recorded XMR1 fee. No extra incident loss counted.",562.34,9666.6246,XMR1,0.012033,567215868114,744511629708965,0xfe1540960c0e406313308aacb000a28f,F0191,spot execution account record
F0246,2026-10-07T01:53:11.511Z,Hyperliquid spot account ledger (first-party API),0x33a0f43f9169d748351a0446019c0d02025d00252c6cf61ad7699f92506db132,0x68d6e20a28f9d50ebf798ccf9fae9e3d5e4f1ac4 spot USDC account,0x68d6e20a28f9d50ebf798ccf9fae9e3d5e4f1ac4 spot XMR1 account,XMR1 (Hyperliquid token index 404),0.16,,spot buy fill,Hyperliquid spot market @260,NOT ESTABLISHED by read-only API response,intact account execution association; mixed protocol custody,CONFIRMED,raw/hl_fills_0x68d6e20a28f9d50ebf798ccf9fae9e3d5e4f1ac4.response.json,"API execution record, not independently reproduced HyperCore consensus inclusion. XMR1 is not proof of native Monero receipt. Gross bought amount before separately recorded XMR1 fee. No extra incident loss counted.",560.99,89.7584,XMR1,0.000112,567215868114,749673054878743,0xfe1540960c0e406313308aacb000a28f,F0191,spot execution account record
F0247,2026-10-07T01:53:11.511Z,Hyperliquid spot account ledger (first-party API),0x33a0f43f9169d748351a0446019c0d02025d00252c6cf61ad7699f92506db132,0x68d6e20a28f9d50ebf798ccf9fae9e3d5e4f1ac4 spot USDC account,0x68d6e20a28f9d50ebf798ccf9fae9e3d5e4f1ac4 spot XMR1 account,XMR1 (Hyperliquid token index 404),30.0,,spot buy fill,Hyperliquid spot market @260,NOT ESTABLISHED by read-only API response,intact account execution association; mixed protocol custody,CONFIRMED,raw/hl_fills_0x68d6e20a28f9d50ebf798ccf9fae9e3d5e4f1ac4.response.json,"API execution record, not independently reproduced HyperCore consensus inclusion. XMR1 is not proof of native Monero receipt. Gross bought amount before separately recorded XMR1 fee. No extra incident loss counted.",562.29,16868.700,XMR1,0.021,567215868114,789502922895036,0xfe1540960c0e406313308aacb000a28f,F0191,spot execution account record
F0248,2026-10-07T01:53:11.511Z,Hyperliquid spot account ledger (first-party API),0x33a0f43f9169d748351a0446019c0d02025d00252c6cf61ad7699f92506db132,0x68d6e20a28f9d50ebf798ccf9fae9e3d5e4f1ac4 spot USDC account,0x68d6e20a28f9d50ebf798ccf9fae9e3d5e4f1ac4 spot XMR1 account,XMR1 (Hyperliquid token index 404),60.0,,spot buy fill,Hyperliquid spot market @260,NOT ESTABLISHED by read-only API response,intact account execution association; mixed protocol custody,CONFIRMED,raw/hl_fills_0x68d6e20a28f9d50ebf798ccf9fae9e3d5e4f1ac4.response.json,"API execution record, not independently reproduced HyperCore consensus inclusion. XMR1 is not proof of native Monero receipt. Gross bought amount before separately recorded XMR1 fee. No extra incident loss counted.",561.73,33703.800,XMR1,0.042,567215868114,811090501436330,0xfe1540960c0e406313308aacb000a28f,F0191,spot execution account record
F0249,2026-10-07T01:53:11.511Z,Hyperliquid spot account ledger (first-party API),0x33a0f43f9169d748351a0446019c0d02025d00252c6cf61ad7699f92506db132,0x68d6e20a28f9d50ebf798ccf9fae9e3d5e4f1ac4 spot USDC account,0x68d6e20a28f9d50ebf798ccf9fae9e3d5e4f1ac4 spot XMR1 account,XMR1 (Hyperliquid token index 404),0.03,,spot buy fill,Hyperliquid spot market @260,NOT ESTABLISHED by read-only API response,intact account execution association; mixed protocol custody,CONFIRMED,raw/hl_fills_0x68d6e20a28f9d50ebf798ccf9fae9e3d5e4f1ac4.response.json,"API execution record, not independently reproduced HyperCore consensus inclusion. XMR1 is not proof of native Monero receipt. Gross bought amount before separately recorded XMR1 fee. No extra incident loss counted.",562.16,16.8648,XMR1,0.000021,567215868114,837201350102274,0xfe1540960c0e406313308aacb000a28f,F0191,spot execution account record
F0250,2026-10-07T01:53:11.511Z,Hyperliquid spot account ledger (first-party API),0x33a0f43f9169d748351a0446019c0d02025d00252c6cf61ad7699f92506db132,0x68d6e20a28f9d50ebf798ccf9fae9e3d5e4f1ac4 spot USDC account,0x68d6e20a28f9d50ebf798ccf9fae9e3d5e4f1ac4 spot XMR1 account,XMR1 (Hyperliquid token index 404),0.07,,spot buy fill,Hyperliquid spot market @260,NOT ESTABLISHED by read-only API response,intact account execution association; mixed protocol custody,CONFIRMED,raw/hl_fills_0x68d6e20a28f9d50ebf798ccf9fae9e3d5e4f1ac4.response.json,"API execution record, not independently reproduced HyperCore consensus inclusion. XMR1 is not proof of native Monero receipt. Gross bought amount before separately recorded XMR1 fee. No extra incident loss counted.",562.22,39.3554,XMR1,0.000049,567215868114,903619718302550,0xfe1540960c0e406313308aacb000a28f,F0191,spot execution account record
F0251,2026-10-07T01:53:11.511Z,Hyperliquid spot account ledger (first-party API),0x33a0f43f9169d748351a0446019c0d02025d00252c6cf61ad7699f92506db132,0x68d6e20a28f9d50ebf798ccf9fae9e3d5e4f1ac4 spot USDC account,0x68d6e20a28f9d50ebf798ccf9fae9e3d5e4f1ac4 spot XMR1 account,XMR1 (Hyperliquid token index 404),5.24,,spot buy fill,Hyperliquid spot market @260,NOT ESTABLISHED by read-only API response,intact account execution association; mixed protocol custody,CONFIRMED,raw/hl_fills_0x68d6e20a28f9d50ebf798ccf9fae9e3d5e4f1ac4.response.json,"API execution record, not independently reproduced HyperCore consensus inclusion. XMR1 is not proof of native Monero receipt. Gross bought amount before separately recorded XMR1 fee. No extra incident loss counted.",561.66,2943.0984,XMR1,0.003668,567215868114,973573947419578,0xfe1540960c0e406313308aacb000a28f,F0191,spot execution account record
F0252,2026-10-07T01:53:11.511Z,Hyperliquid spot account ledger (first-party API),0x33a0f43f9169d748351a0446019c0d02025d00252c6cf61ad7699f92506db132,0x68d6e20a28f9d50ebf798ccf9fae9e3d5e4f1ac4 spot USDC account,0x68d6e20a28f9d50ebf798ccf9fae9e3d5e4f1ac4 spot XMR1 account,XMR1 (Hyperliquid token index 404),1.78,,spot buy fill,Hyperliquid spot market @260,NOT ESTABLISHED by read-only API response,intact account execution association; mixed protocol custody,CONFIRMED,raw/hl_fills_0x68d6e20a28f9d50ebf798ccf9fae9e3d5e4f1ac4.response.json,"API execution record, not independently reproduced HyperCore consensus inclusion. XMR1 is not proof of native Monero receipt. Gross bought amount before separately recorded XMR1 fee. No extra incident loss counted.",561.16,998.8648,XMR1,0.001246,567215868114,989255438003947,0xfe1540960c0e406313308aacb000a28f,F0191,spot execution account record
F0253,2026-10-07T01:53:11.511Z,Hyperliquid spot account ledger (first-party API),0x33a0f43f9169d748351a0446019c0d02025d00252c6cf61ad7699f92506db132,0x68d6e20a28f9d50ebf798ccf9fae9e3d5e4f1ac4 spot USDC account,0x68d6e20a28f9d50ebf798ccf9fae9e3d5e4f1ac4 spot XMR1 account,XMR1 (Hyperliquid token index 404),0.03,,spot buy fill,Hyperliquid spot market @260,NOT ESTABLISHED by read-only API response,intact account execution association; mixed protocol custody,CONFIRMED,raw/hl_fills_0x68d6e20a28f9d50ebf798ccf9fae9e3d5e4f1ac4.response.json,"API execution record, not independently reproduced HyperCore consensus inclusion. XMR1 is not proof of native Monero receipt. Gross bought amount before separately recorded XMR1 fee. No extra incident loss counted.",562.87,16.8861,XMR1,0.000021,567215868114,1032593112757294,0xfe1540960c0e406313308aacb000a28f,F0191,spot execution account record
F0254,2026-10-07T01:53:11.511Z,Hyperliquid spot account ledger (first-party API),0x33a0f43f9169d748351a0446019c0d02025d00252c6cf61ad7699f92506db132,0x68d6e20a28f9d50ebf798ccf9fae9e3d5e4f1ac4 spot USDC account,0x68d6e20a28f9d50ebf798ccf9fae9e3d5e4f1ac4 spot XMR1 account,XMR1 (Hyperliquid token index 404),20.0,,spot buy fill,Hyperliquid spot market @260,NOT ESTABLISHED by read-only API response,intact account execution association; mixed protocol custody,CONFIRMED,raw/hl_fills_0x68d6e20a28f9d50ebf798ccf9fae9e3d5e4f1ac4.response.json,"API execution record, not independently reproduced HyperCore consensus inclusion. XMR1 is not proof of native Monero receipt. Gross bought amount before separately recorded XMR1 fee. No extra incident loss counted.",562.42,11248.400,XMR1,0.014,567215868114,1095835879127721,0xfe1540960c0e406313308aacb000a28f,F0191,spot execution account record
F0255,2026-10-07T01:53:15.828Z,Hyperliquid spot account ledger (first-party API),0xb628bd414bac6acdb7a20446019c4c0202260026e6af899f59f168940aa044b8,0x68d6e20a28f9d50ebf798ccf9fae9e3d5e4f1ac4 spot USDC account,0x68d6e20a28f9d50ebf798ccf9fae9e3d5e4f1ac4 spot XMR1 account,XMR1 (Hyperliquid token index 404),7.07,,spot buy fill,Hyperliquid spot market @260,NOT ESTABLISHED by read-only API response,intact account execution association; mixed protocol custody,CONFIRMED,raw/hl_fills_0x68d6e20a28f9d50ebf798ccf9fae9e3d5e4f1ac4.response.json,"API execution record, not independently reproduced HyperCore consensus inclusion. XMR1 is not proof of native Monero receipt. Gross bought amount before separately recorded XMR1 fee. No extra incident loss counted.",562.17,3974.5419,XMR1,0.004949,567215919924,619846944067332,0x18e8dd11811f2a1afc7e7f03040d8a25,F0191,spot execution account record
F0256,2026-10-07T01:56:59.694Z,Hyperliquid spot account ledger (first-party API),0x7fc862f5b7e2e15a8142044601a8ce020f8000db52e6002c23910e4876e6bb45,0x888795f84f5f81352a7639f1254662ae5897e223 spot USDC account,0x888795f84f5f81352a7639f1254662ae5897e223 spot XMR1 account,XMR1 (Hyperliquid token index 404),0.27,,spot buy fill,Hyperliquid spot market @260,NOT ESTABLISHED by read-only API response,intact account execution association; mixed protocol custody,CONFIRMED,raw/hl_fills_0x888795f84f5f81352a7639f1254662ae5897e223.response.json,"API execution record, not independently reproduced HyperCore consensus inclusion. XMR1 is not proof of native Monero receipt. Gross bought amount before separately recorded XMR1 fee. No extra incident loss counted.",561.21,151.5267,XMR1,0.000189,567219070716,159581044494847,0x45662b2f7b899e49922a3533c7dec7d3,F0192,spot execution account record
F0257,2026-10-07T01:56:59.694Z,Hyperliquid spot account ledger (first-party API),0x7fc862f5b7e2e15a8142044601a8ce020f8000db52e6002c23910e4876e6bb45,0x888795f84f5f81352a7639f1254662ae5897e223 spot USDC account,0x888795f84f5f81352a7639f1254662ae5897e223 spot XMR1 account,XMR1 (Hyperliquid token index 404),0.3,,spot buy fill,Hyperliquid spot market @260,NOT ESTABLISHED by read-only API response,intact account execution association; mixed protocol custody,CONFIRMED,raw/hl_fills_0x888795f84f5f81352a7639f1254662ae5897e223.response.json,"API execution record, not independently reproduced HyperCore consensus inclusion. XMR1 is not proof of native Monero receipt. Gross bought amount before separately recorded XMR1 fee. No extra incident loss counted.",561.11,168.333,XMR1,0.00021,567219070716,268283790201940,0x45662b2f7b899e49922a3533c7dec7d3,F0192,spot execution account record
F0258,2026-10-07T01:56:59.694Z,Hyperliquid spot account ledger (first-party API),0x7fc862f5b7e2e15a8142044601a8ce020f8000db52e6002c23910e4876e6bb45,0x888795f84f5f81352a7639f1254662ae5897e223 spot USDC account,0x888795f84f5f81352a7639f1254662ae5897e223 spot XMR1 account,XMR1 (Hyperliquid token index 404),0.05,,spot buy fill,Hyperliquid spot market @260,NOT ESTABLISHED by read-only API response,intact account execution association; mixed protocol custody,CONFIRMED,raw/hl_fills_0x888795f84f5f81352a7639f1254662ae5897e223.response.json,"API execution record, not independently reproduced HyperCore consensus inclusion. XMR1 is not proof of native Monero receipt. Gross bought amount before separately recorded XMR1 fee. No extra incident loss counted.",561.02,28.0510,XMR1,0.000035,567219070716,412677073480943,0x45662b2f7b899e49922a3533c7dec7d3,F0192,spot execution account record
F0259,2026-10-07T01:57:03.217Z,Hyperliquid spot account ledger (first-party API),0x8404f1d69dd597cb857e044601a9000211bd00bc38d8b69d27cd9d295cd971b6,0x888795f84f5f81352a7639f1254662ae5897e223 spot USDC account,0x888795f84f5f81352a7639f1254662ae5897e223 spot XMR1 account,XMR1 (Hyperliquid token index 404),0.05,,spot buy fill,Hyperliquid spot market @260,NOT ESTABLISHED by read-only API response,intact account execution association; mixed protocol custody,CONFIRMED,raw/hl_fills_0x888795f84f5f81352a7639f1254662ae5897e223.response.json,"API execution record, not independently reproduced HyperCore consensus inclusion. XMR1 is not proof of native Monero receipt. Gross bought amount before separately recorded XMR1 fee. No extra incident loss counted.",561.06,28.0530,XMR1,0.000035,567219238499,729575027467493,0x047620e35884de2dafcfcbb1598056c2,F0192,spot execution account record
F0260,2026-10-07T01:57:08.757Z,Hyperliquid spot account ledger (first-party API),0x1700b7ef2a1cbf0a187a044601a95002159100d4c51fdddcbac96341e91098f4,0x888795f84f5f81352a7639f1254662ae5897e223 spot USDC account,0x888795f84f5f81352a7639f1254662ae5897e223 spot XMR1 account,XMR1 (Hyperliquid token index 404),0.17,,spot buy fill,Hyperliquid spot market @260,NOT ESTABLISHED by read-only API response,intact account execution association; mixed protocol custody,CONFIRMED,raw/hl_fills_0x888795f84f5f81352a7639f1254662ae5897e223.response.json,"API execution record, not independently reproduced HyperCore consensus inclusion. XMR1 is not proof of native Monero receipt. Gross bought amount before separately recorded XMR1 fee. No extra incident loss counted.",561.34,95.4278,XMR1,0.000119,567219434292,368738024839323,0x543becb696a8f4294df5f6d02ee40514,F0192,spot execution account record
F0261,2026-10-07T01:57:08.757Z,Hyperliquid spot account ledger (first-party API),0x1700b7ef2a1cbf0a187a044601a95002159100d4c51fdddcbac96341e91098f4,0x888795f84f5f81352a7639f1254662ae5897e223 spot USDC account,0x888795f84f5f81352a7639f1254662ae5897e223 spot XMR1 account,XMR1 (Hyperliquid token index 404),0.05,,spot buy fill,Hyperliquid spot market @260,NOT ESTABLISHED by read-only API response,intact account execution association; mixed protocol custody,CONFIRMED,raw/hl_fills_0x888795f84f5f81352a7639f1254662ae5897e223.response.json,"API execution record, not independently reproduced HyperCore consensus inclusion. XMR1 is not proof of native Monero receipt. Gross bought amount before separately recorded XMR1 fee. No extra incident loss counted.",561.21,28.0605,XMR1,0.000035,567219434292,905064926260282,0x543becb696a8f4294df5f6d02ee40514,F0192,spot execution account record
F0262,2026-10-07T01:57:12.060Z,Hyperliquid spot account ledger (first-party API),0x28f645726de440ec2a70044601a97d020435005808e75fbeccbef0c52ce81ad6,0x888795f84f5f81352a7639f1254662ae5897e223 spot USDC account,0x888795f84f5f81352a7639f1254662ae5897e223 spot XMR1 account,XMR1 (Hyperliquid token index 404),1.78,,spot buy fill,Hyperliquid spot market @260,NOT ESTABLISHED by read-only API response,intact account execution association; mixed protocol custody,CONFIRMED,raw/hl_fills_0x888795f84f5f81352a7639f1254662ae5897e223.response.json,"API execution record, not independently reproduced HyperCore consensus inclusion. XMR1 is not proof of native Monero receipt. Gross bought amount before separately recorded XMR1 fee. No extra incident loss counted.",561.31,999.1318,XMR1,0.001246,567219516898,236750791433288,0x00e216c9703970cb9d3264c08e888044,F0192,spot execution account record
F0263,2026-10-07T01:57:12.060Z,Hyperliquid spot account ledger (first-party API),0x28f645726de440ec2a70044601a97d020435005808e75fbeccbef0c52ce81ad6,0x888795f84f5f81352a7639f1254662ae5897e223 spot USDC account,0x888795f84f5f81352a7639f1254662ae5897e223 spot XMR1 account,XMR1 (Hyperliquid token index 404),0.05,,spot buy fill,Hyperliquid spot market @260,NOT ESTABLISHED by read-only API response,intact account execution association; mixed protocol custody,CONFIRMED,raw/hl_fills_0x888795f84f5f81352a7639f1254662ae5897e223.response.json,"API execution record, not independently reproduced HyperCore consensus inclusion. XMR1 is not proof of native Monero receipt. Gross bought amount before separately recorded XMR1 fee. No extra incident loss counted.",560.98,28.0490,XMR1,0.000035,567219516898,666010665701555,0x00e216c9703970cb9d3264c08e888044,F0192,spot execution account record
F0264,2026-10-07T01:57:15.433Z,Hyperliquid spot account ledger (first-party API),0x46b23f555e0cb3f5482b044601a9af02080d003af90fd2c7ea7aeaa81d008ddf,0x888795f84f5f81352a7639f1254662ae5897e223 spot USDC account,0x888795f84f5f81352a7639f1254662ae5897e223 spot XMR1 account,XMR1 (Hyperliquid token index 404),30.39,,spot buy fill,Hyperliquid spot market @260,NOT ESTABLISHED by read-only API response,intact account execution association; mixed protocol custody,CONFIRMED,raw/hl_fills_0x888795f84f5f81352a7639f1254662ae5897e223.response.json,"API execution record, not independently reproduced HyperCore consensus inclusion. XMR1 is not proof of native Monero receipt. Gross bought amount before separately recorded XMR1 fee. No extra incident loss counted.",563.05,17111.0895,XMR1,0.021273,567219610731,88989253987383,0x215807a96c0e17cf97aea8fe7d2f6f26,F0192,spot execution account record
F0265,2026-10-07T01:57:15.433Z,Hyperliquid spot account ledger (first-party API),0x46b23f555e0cb3f5482b044601a9af02080d003af90fd2c7ea7aeaa81d008ddf,0x888795f84f5f81352a7639f1254662ae5897e223 spot USDC account,0x888795f84f5f81352a7639f1254662ae5897e223 spot XMR1 account,XMR1 (Hyperliquid token index 404),0.05,,spot buy fill,Hyperliquid spot market @260,NOT ESTABLISHED by read-only API response,intact account execution association; mixed protocol custody,CONFIRMED,raw/hl_fills_0x888795f84f5f81352a7639f1254662ae5897e223.response.json,"API execution record, not independently reproduced HyperCore consensus inclusion. XMR1 is not proof of native Monero receipt. Gross bought amount before separately recorded XMR1 fee. No extra incident loss counted.",561.09,28.0545,XMR1,0.000035,567219610731,131008052338277,0x215807a96c0e17cf97aea8fe7d2f6f26,F0192,spot execution account record
F0266,2026-10-07T01:57:15.433Z,Hyperliquid spot account ledger (first-party API),0x46b23f555e0cb3f5482b044601a9af02080d003af90fd2c7ea7aeaa81d008ddf,0x888795f84f5f81352a7639f1254662ae5897e223 spot USDC account,0x888795f84f5f81352a7639f1254662ae5897e223 spot XMR1 account,XMR1 (Hyperliquid token index 404),0.05,,spot buy fill,Hyperliquid spot market @260,NOT ESTABLISHED by read-only API response,intact account execution association; mixed protocol custody,CONFIRMED,raw/hl_fills_0x888795f84f5f81352a7639f1254662ae5897e223.response.json,"API execution record, not independently reproduced HyperCore consensus inclusion. XMR1 is not proof of native Monero receipt. Gross bought amount before separately recorded XMR1 fee. No extra incident loss counted.",561.91,28.0955,XMR1,0.000035,567219610731,190873541660272,0x215807a96c0e17cf97aea8fe7d2f6f26,F0192,spot execution account record
F0267,2026-10-07T01:57:15.433Z,Hyperliquid spot account ledger (first-party API),0x46b23f555e0cb3f5482b044601a9af02080d003af90fd2c7ea7aeaa81d008ddf,0x888795f84f5f81352a7639f1254662ae5897e223 spot USDC account,0x888795f84f5f81352a7639f1254662ae5897e223 spot XMR1 account,XMR1 (Hyperliquid token index 404),45.0,,spot buy fill,Hyperliquid spot market @260,NOT ESTABLISHED by read-only API response,intact account execution association; mixed protocol custody,CONFIRMED,raw/hl_fills_0x888795f84f5f81352a7639f1254662ae5897e223.response.json,"API execution record, not independently reproduced HyperCore consensus inclusion. XMR1 is not proof of native Monero receipt. Gross bought amount before separately recorded XMR1 fee. No extra incident loss counted.",562.49,25312.050,XMR1,0.0315,567219610731,237631061983037,0x215807a96c0e17cf97aea8fe7d2f6f26,F0192,spot execution account record
F0268,2026-10-07T01:57:15.433Z,Hyperliquid spot account ledger (first-party API),0x46b23f555e0cb3f5482b044601a9af02080d003af90fd2c7ea7aeaa81d008ddf,0x888795f84f5f81352a7639f1254662ae5897e223 spot USDC account,0x888795f84f5f81352a7639f1254662ae5897e223 spot XMR1 account,XMR1 (Hyperliquid token index 404),15.27,,spot buy fill,Hyperliquid spot market @260,NOT ESTABLISHED by read-only API response,intact account execution association; mixed protocol custody,CONFIRMED,raw/hl_fills_0x888795f84f5f81352a7639f1254662ae5897e223.response.json,"API execution record, not independently reproduced HyperCore consensus inclusion. XMR1 is not proof of native Monero receipt. Gross bought amount before separately recorded XMR1 fee. No extra incident loss counted.",561.57,8575.1739,XMR1,0.010689,567219610731,309666544110804,0x215807a96c0e17cf97aea8fe7d2f6f26,F0192,spot execution account record
F0269,2026-10-07T01:57:15.433Z,Hyperliquid spot account ledger (first-party API),0x46b23f555e0cb3f5482b044601a9af02080d003af90fd2c7ea7aeaa81d008ddf,0x888795f84f5f81352a7639f1254662ae5897e223 spot USDC account,0x888795f84f5f81352a7639f1254662ae5897e223 spot XMR1 account,XMR1 (Hyperliquid token index 404),14.92,,spot buy fill,Hyperliquid spot market @260,NOT ESTABLISHED by read-only API response,intact account execution association; mixed protocol custody,CONFIRMED,raw/hl_fills_0x888795f84f5f81352a7639f1254662ae5897e223.response.json,"API execution record, not independently reproduced HyperCore consensus inclusion. XMR1 is not proof of native Monero receipt. Gross bought amount before separately recorded XMR1 fee. No extra incident loss counted.",561.57,8378.6244,XMR1,0.010444,567219610731,351817414780668,0x215807a96c0e17cf97aea8fe7d2f6f26,F0192,spot execution account record
F0270,2026-10-07T01:57:15.433Z,Hyperliquid spot account ledger (first-party API),0x46b23f555e0cb3f5482b044601a9af02080d003af90fd2c7ea7aeaa81d008ddf,0x888795f84f5f81352a7639f1254662ae5897e223 spot USDC account,0x888795f84f5f81352a7639f1254662ae5897e223 spot XMR1 account,XMR1 (Hyperliquid token index 404),42.95,,spot buy fill,Hyperliquid spot market @260,NOT ESTABLISHED by read-only API response,intact account execution association; mixed protocol custody,CONFIRMED,raw/hl_fills_0x888795f84f5f81352a7639f1254662ae5897e223.response.json,"API execution record, not independently reproduced HyperCore consensus inclusion. XMR1 is not proof of native Monero receipt. Gross bought amount before separately recorded XMR1 fee. No extra incident loss counted.",561.93,24134.8935,XMR1,0.030065,567219610731,436769278084445,0x215807a96c0e17cf97aea8fe7d2f6f26,F0192,spot execution account record
F0271,2026-10-07T01:57:15.433Z,Hyperliquid spot account ledger (first-party API),0x46b23f555e0cb3f5482b044601a9af02080d003af90fd2c7ea7aeaa81d008ddf,0x888795f84f5f81352a7639f1254662ae5897e223 spot USDC account,0x888795f84f5f81352a7639f1254662ae5897e223 spot XMR1 account,XMR1 (Hyperliquid token index 404),0.03,,spot buy fill,Hyperliquid spot market @260,NOT ESTABLISHED by read-only API response,intact account execution association; mixed protocol custody,CONFIRMED,raw/hl_fills_0x888795f84f5f81352a7639f1254662ae5897e223.response.json,"API execution record, not independently reproduced HyperCore consensus inclusion. XMR1 is not proof of native Monero receipt. Gross bought amount before separately recorded XMR1 fee. No extra incident loss counted.",562.1,16.863,XMR1,0.000021,567219610731,500669903346513,0x215807a96c0e17cf97aea8fe7d2f6f26,F0192,spot execution account record
F0272,2026-10-07T01:57:15.433Z,Hyperliquid spot account ledger (first-party API),0x46b23f555e0cb3f5482b044601a9af02080d003af90fd2c7ea7aeaa81d008ddf,0x888795f84f5f81352a7639f1254662ae5897e223 spot USDC account,0x888795f84f5f81352a7639f1254662ae5897e223 spot XMR1 account,XMR1 (Hyperliquid token index 404),0.1,,spot buy fill,Hyperliquid spot market @260,NOT ESTABLISHED by read-only API response,intact account execution association; mixed protocol custody,CONFIRMED,raw/hl_fills_0x888795f84f5f81352a7639f1254662ae5897e223.response.json,"API execution record, not independently reproduced HyperCore consensus inclusion. XMR1 is not proof of native Monero receipt. Gross bought amount before separately recorded XMR1 fee. No extra incident loss counted.",562.2,56.22,XMR1,0.00007,567219610731,533600421940090,0x215807a96c0e17cf97aea8fe7d2f6f26,F0192,spot execution account record
F0273,2026-10-07T01:57:15.433Z,Hyperliquid spot account ledger (first-party API),0x46b23f555e0cb3f5482b044601a9af02080d003af90fd2c7ea7aeaa81d008ddf,0x888795f84f5f81352a7639f1254662ae5897e223 spot USDC account,0x888795f84f5f81352a7639f1254662ae5897e223 spot XMR1 account,XMR1 (Hyperliquid token index 404),0.35,,spot buy fill,Hyperliquid spot market @260,NOT ESTABLISHED by read-only API response,intact account execution association; mixed protocol custody,CONFIRMED,raw/hl_fills_0x888795f84f5f81352a7639f1254662ae5897e223.response.json,"API execution record, not independently reproduced HyperCore consensus inclusion. XMR1 is not proof of native Monero receipt. Gross bought amount before separately recorded XMR1 fee. No extra incident loss counted.",561.82,196.6370,XMR1,0.000245,567219610731,543190481404838,0x215807a96c0e17cf97aea8fe7d2f6f26,F0192,spot execution account record
F0274,2026-10-07T01:57:15.433Z,Hyperliquid spot account ledger (first-party API),0x46b23f555e0cb3f5482b044601a9af02080d003af90fd2c7ea7aeaa81d008ddf,0x888795f84f5f81352a7639f1254662ae5897e223 spot USDC account,0x888795f84f5f81352a7639f1254662ae5897e223 spot XMR1 account,XMR1 (Hyperliquid token index 404),0.04,,spot buy fill,Hyperliquid spot market @260,NOT ESTABLISHED by read-only API response,intact account execution association; mixed protocol custody,CONFIRMED,raw/hl_fills_0x888795f84f5f81352a7639f1254662ae5897e223.response.json,"API execution record, not independently reproduced HyperCore consensus inclusion. XMR1 is not proof of native Monero receipt. Gross bought amount before separately recorded XMR1 fee. No extra incident loss counted.",561.57,22.4628,XMR1,0.000028,567219610731,681197809255388,0x215807a96c0e17cf97aea8fe7d2f6f26,F0192,spot execution account record
F0275,2026-10-07T01:57:15.433Z,Hyperliquid spot account ledger (first-party API),0x46b23f555e0cb3f5482b044601a9af02080d003af90fd2c7ea7aeaa81d008ddf,0x888795f84f5f81352a7639f1254662ae5897e223 spot USDC account,0x888795f84f5f81352a7639f1254662ae5897e223 spot XMR1 account,XMR1 (Hyperliquid token index 404),0.06,,spot buy fill,Hyperliquid spot market @260,NOT ESTABLISHED by read-only API response,intact account execution association; mixed protocol custody,CONFIRMED,raw/hl_fills_0x888795f84f5f81352a7639f1254662ae5897e223.response.json,"API execution record, not independently reproduced HyperCore consensus inclusion. XMR1 is not proof of native Monero receipt. Gross bought amount before separately recorded XMR1 fee. No extra incident loss counted.",562.63,33.7578,XMR1,0.000042,567219610731,713535671676429,0x215807a96c0e17cf97aea8fe7d2f6f26,F0192,spot execution account record
F0276,2026-10-07T01:57:15.433Z,Hyperliquid spot account ledger (first-party API),0x46b23f555e0cb3f5482b044601a9af02080d003af90fd2c7ea7aeaa81d008ddf,0x888795f84f5f81352a7639f1254662ae5897e223 spot USDC account,0x888795f84f5f81352a7639f1254662ae5897e223 spot XMR1 account,XMR1 (Hyperliquid token index 404),0.05,,spot buy fill,Hyperliquid spot market @260,NOT ESTABLISHED by read-only API response,intact account execution association; mixed protocol custody,CONFIRMED,raw/hl_fills_0x888795f84f5f81352a7639f1254662ae5897e223.response.json,"API execution record, not independently reproduced HyperCore consensus inclusion. XMR1 is not proof of native Monero receipt. Gross bought amount before separately recorded XMR1 fee. No extra incident loss counted.",562.27,28.1135,XMR1,0.000035,567219610731,767144853038192,0x215807a96c0e17cf97aea8fe7d2f6f26,F0192,spot execution account record
F0277,2026-10-07T01:57:15.433Z,Hyperliquid spot account ledger (first-party API),0x46b23f555e0cb3f5482b044601a9af02080d003af90fd2c7ea7aeaa81d008ddf,0x888795f84f5f81352a7639f1254662ae5897e223 spot USDC account,0x888795f84f5f81352a7639f1254662ae5897e223 spot XMR1 account,XMR1 (Hyperliquid token index 404),0.08,,spot buy fill,Hyperliquid spot market @260,NOT ESTABLISHED by read-only API response,intact account execution association; mixed protocol custody,CONFIRMED,raw/hl_fills_0x888795f84f5f81352a7639f1254662ae5897e223.response.json,"API execution record, not independently reproduced HyperCore consensus inclusion. XMR1 is not proof of native Monero receipt. Gross bought amount before separately recorded XMR1 fee. No extra incident loss counted.",561.6,44.928,XMR1,0.000056,567219610731,807539593534781,0x215807a96c0e17cf97aea8fe7d2f6f26,F0192,spot execution account record
F0278,2026-10-07T01:57:15.433Z,Hyperliquid spot account ledger (first-party API),0x46b23f555e0cb3f5482b044601a9af02080d003af90fd2c7ea7aeaa81d008ddf,0x888795f84f5f81352a7639f1254662ae5897e223 spot USDC account,0x888795f84f5f81352a7639f1254662ae5897e223 spot XMR1 account,XMR1 (Hyperliquid token index 404),0.21,,spot buy fill,Hyperliquid spot market @260,NOT ESTABLISHED by read-only API response,intact account execution association; mixed protocol custody,CONFIRMED,raw/hl_fills_0x888795f84f5f81352a7639f1254662ae5897e223.response.json,"API execution record, not independently reproduced HyperCore consensus inclusion. XMR1 is not proof of native Monero receipt. Gross bought amount before separately recorded XMR1 fee. No extra incident loss counted.",561.64,117.9444,XMR1,0.000147,567219610731,911432036601070,0x215807a96c0e17cf97aea8fe7d2f6f26,F0192,spot execution account record
F0279,2026-10-07T01:57:15.433Z,Hyperliquid spot account ledger (first-party API),0x46b23f555e0cb3f5482b044601a9af02080d003af90fd2c7ea7aeaa81d008ddf,0x888795f84f5f81352a7639f1254662ae5897e223 spot USDC account,0x888795f84f5f81352a7639f1254662ae5897e223 spot XMR1 account,XMR1 (Hyperliquid token index 404),0.35,,spot buy fill,Hyperliquid spot market @260,NOT ESTABLISHED by read-only API response,intact account execution association; mixed protocol custody,CONFIRMED,raw/hl_fills_0x888795f84f5f81352a7639f1254662ae5897e223.response.json,"API execution record, not independently reproduced HyperCore consensus inclusion. XMR1 is not proof of native Monero receipt. Gross bought amount before separately recorded XMR1 fee. No extra incident loss counted.",561.82,196.6370,XMR1,0.000245,567219610731,951738844106450,0x215807a96c0e17cf97aea8fe7d2f6f26,F0192,spot execution account record
F0280,2026-10-07T01:57:15.433Z,Hyperliquid spot account ledger (first-party API),0x46b23f555e0cb3f5482b044601a9af02080d003af90fd2c7ea7aeaa81d008ddf,0x888795f84f5f81352a7639f1254662ae5897e223 spot USDC account,0x888795f84f5f81352a7639f1254662ae5897e223 spot XMR1 account,XMR1 (Hyperliquid token index 404),2.38,,spot buy fill,Hyperliquid spot market @260,NOT ESTABLISHED by read-only API response,intact account execution association; mixed protocol custody,CONFIRMED,raw/hl_fills_0x888795f84f5f81352a7639f1254662ae5897e223.response.json,"API execution record, not independently reproduced HyperCore consensus inclusion. XMR1 is not proof of native Monero receipt. Gross bought amount before separately recorded XMR1 fee. No extra incident loss counted.",561.62,1336.6556,XMR1,0.001666,567219610731,1078513593004469,0x215807a96c0e17cf97aea8fe7d2f6f26,F0192,spot execution account record
F0281,2026-10-07T01:57:15.433Z,Hyperliquid spot account ledger (first-party API),0x46b23f555e0cb3f5482b044601a9af02080d003af90fd2c7ea7aeaa81d008ddf,0x888795f84f5f81352a7639f1254662ae5897e223 spot USDC account,0x888795f84f5f81352a7639f1254662ae5897e223 spot XMR1 account,XMR1 (Hyperliquid token index 404),0.05,,spot buy fill,Hyperliquid spot market @260,NOT ESTABLISHED by read-only API response,intact account execution association; mixed protocol custody,CONFIRMED,raw/hl_fills_0x888795f84f5f81352a7639f1254662ae5897e223.response.json,"API execution record, not independently reproduced HyperCore consensus inclusion. XMR1 is not proof of native Monero receipt. Gross bought amount before separately recorded XMR1 fee. No extra incident loss counted.",563.01,28.1505,XMR1,0.000035,567219610731,1081284307865772,0x215807a96c0e17cf97aea8fe7d2f6f26,F0192,spot execution account record
F0282,2026-10-07T01:57:17.668Z,Hyperliquid spot account ledger (first-party API),0x9f0c44fd841d961ea086044601a9cd02070000e31f10b4f042d4f05043117009,0x888795f84f5f81352a7639f1254662ae5897e223 spot USDC account,0x888795f84f5f81352a7639f1254662ae5897e223 spot XMR1 account,XMR1 (Hyperliquid token index 404),0.05,,spot buy fill,Hyperliquid spot market @260,NOT ESTABLISHED by read-only API response,intact account execution association; mixed protocol custody,CONFIRMED,raw/hl_fills_0x888795f84f5f81352a7639f1254662ae5897e223.response.json,"API execution record, not independently reproduced HyperCore consensus inclusion. XMR1 is not proof of native Monero receipt. Gross bought amount before separately recorded XMR1 fee. No extra incident loss counted.",562.6,28.130,XMR1,0.000035,567219661910,8809152389397,0x3ba67619df1a516864b0d41efacee841,F0192,spot execution account record
F0283,2026-10-07T01:57:17.668Z,Hyperliquid spot account ledger (first-party API),0x9f0c44fd841d961ea086044601a9cd02070000e31f10b4f042d4f05043117009,0x888795f84f5f81352a7639f1254662ae5897e223 spot USDC account,0x888795f84f5f81352a7639f1254662ae5897e223 spot XMR1 account,XMR1 (Hyperliquid token index 404),11.28,,spot buy fill,Hyperliquid spot market @260,NOT ESTABLISHED by read-only API response,intact account execution association; mixed protocol custody,CONFIRMED,raw/hl_fills_0x888795f84f5f81352a7639f1254662ae5897e223.response.json,"API execution record, not independently reproduced HyperCore consensus inclusion. XMR1 is not proof of native Monero receipt. Gross bought amount before separately recorded XMR1 fee. No extra incident loss counted.",562.67,6346.9176,XMR1,0.007896,567219661910,338446663696694,0x3ba67619df1a516864b0d41efacee841,F0192,spot execution account record
F0284,2026-10-07T02:10:13.577Z,Hyperliquid spot account ledger (first-party API),0x2a388f5c8003e4162bb2044601d484020c4400421b0702e8ce013aaf3f07be00,0x4079067aa1bdff060c6c45155966d81c79e754e9 spot USDC account,0x4079067aa1bdff060c6c45155966d81c79e754e9 spot XMR1 account,XMR1 (Hyperliquid token index 404),0.52,,spot buy fill,Hyperliquid spot market @260,NOT ESTABLISHED by read-only API response,intact account execution association; mixed protocol custody,CONFIRMED,raw/hl_fills_0x4079067aa1bdff060c6c45155966d81c79e754e9.response.json,"API execution record, not independently reproduced HyperCore consensus inclusion. XMR1 is not proof of native Monero receipt. Gross bought amount before separately recorded XMR1 fee. No extra incident loss counted.",555.43,288.8236,XMR1,0.000364,567241884137,14539674674552,0xa50fc424fe9fa38f646cb1b1e503cf95,F0193,spot execution account record
F0285,2026-10-07T02:10:13.577Z,Hyperliquid spot account ledger (first-party API),0x2a388f5c8003e4162bb2044601d484020c4400421b0702e8ce013aaf3f07be00,0x4079067aa1bdff060c6c45155966d81c79e754e9 spot USDC account,0x4079067aa1bdff060c6c45155966d81c79e754e9 spot XMR1 account,XMR1 (Hyperliquid token index 404),1.37,,spot buy fill,Hyperliquid spot market @260,NOT ESTABLISHED by read-only API response,intact account execution association; mixed protocol custody,CONFIRMED,raw/hl_fills_0x4079067aa1bdff060c6c45155966d81c79e754e9.response.json,"API execution record, not independently reproduced HyperCore consensus inclusion. XMR1 is not proof of native Monero receipt. Gross bought amount before separately recorded XMR1 fee. No extra incident loss counted.",555.43,760.9391,XMR1,0.000959,567241884137,367883679954554,0xa50fc424fe9fa38f646cb1b1e503cf95,F0193,spot execution account record
F0286,2026-10-07T02:10:17.027Z,Hyperliquid spot account ledger (first-party API),0x8dd5f400f96435da8f4f044601d4b402055a00e6946754ac319e9f53b8680fc5,0x4079067aa1bdff060c6c45155966d81c79e754e9 spot USDC account,0x4079067aa1bdff060c6c45155966d81c79e754e9 spot XMR1 account,XMR1 (Hyperliquid token index 404),0.03,,spot buy fill,Hyperliquid spot market @260,NOT ESTABLISHED by read-only API response,intact account execution association; mixed protocol custody,CONFIRMED,raw/hl_fills_0x4079067aa1bdff060c6c45155966d81c79e754e9.response.json,"API execution record, not independently reproduced HyperCore consensus inclusion. XMR1 is not proof of native Monero receipt. Gross bought amount before separately recorded XMR1 fee. No extra incident loss counted.",557.05,16.7115,XMR1,0.000021,567241942494,48992104040313,0xceb29e2faa623d02e5551fc09e8caecc,F0193,spot execution account record
F0287,2026-10-07T02:10:17.027Z,Hyperliquid spot account ledger (first-party API),0x8dd5f400f96435da8f4f044601d4b402055a00e6946754ac319e9f53b8680fc5,0x4079067aa1bdff060c6c45155966d81c79e754e9 spot USDC account,0x4079067aa1bdff060c6c45155966d81c79e754e9 spot XMR1 account,XMR1 (Hyperliquid token index 404),0.03,,spot buy fill,Hyperliquid spot market @260,NOT ESTABLISHED by read-only API response,intact account execution association; mixed protocol custody,CONFIRMED,raw/hl_fills_0x4079067aa1bdff060c6c45155966d81c79e754e9.response.json,"API execution record, not independently reproduced HyperCore consensus inclusion. XMR1 is not proof of native Monero receipt. Gross bought amount before separately recorded XMR1 fee. No extra incident loss counted.",558.14,16.7442,XMR1,0.000021,567241942494,90019752580698,0xceb29e2faa623d02e5551fc09e8caecc,F0193,spot execution account record
F0288,2026-10-07T02:10:17.027Z,Hyperliquid spot account ledger (first-party API),0x8dd5f400f96435da8f4f044601d4b402055a00e6946754ac319e9f53b8680fc5,0x4079067aa1bdff060c6c45155966d81c79e754e9 spot USDC account,0x4079067aa1bdff060c6c45155966d81c79e754e9 spot XMR1 account,XMR1 (Hyperliquid token index 404),0.03,,spot buy fill,Hyperliquid spot market @260,NOT ESTABLISHED by read-only API response,intact account execution association; mixed protocol custody,CONFIRMED,raw/hl_fills_0x4079067aa1bdff060c6c45155966d81c79e754e9.response.json,"API execution record, not independently reproduced HyperCore consensus inclusion. XMR1 is not proof of native Monero receipt. Gross bought amount before separately recorded XMR1 fee. No extra incident loss counted.",559.73,16.7919,XMR1,0.000021,567241942494,224172744304374,0xceb29e2faa623d02e5551fc09e8caecc,F0193,spot execution account record
F0289,2026-10-07T02:10:17.027Z,Hyperliquid spot account ledger (first-party API),0x8dd5f400f96435da8f4f044601d4b402055a00e6946754ac319e9f53b8680fc5,0x4079067aa1bdff060c6c45155966d81c79e754e9 spot USDC account,0x4079067aa1bdff060c6c45155966d81c79e754e9 spot XMR1 account,XMR1 (Hyperliquid token index 404),0.03,,spot buy fill,Hyperliquid spot market @260,NOT ESTABLISHED by read-only API response,intact account execution association; mixed protocol custody,CONFIRMED,raw/hl_fills_0x4079067aa1bdff060c6c45155966d81c79e754e9.response.json,"API execution record, not independently reproduced HyperCore consensus inclusion. XMR1 is not proof of native Monero receipt. Gross bought amount before separately recorded XMR1 fee. No extra incident loss counted.",559.38,16.7814,XMR1,0.000021,567241942494,303389002300048,0xceb29e2faa623d02e5551fc09e8caecc,F0193,spot execution account record
F0290,2026-10-07T02:10:17.027Z,Hyperliquid spot account ledger (first-party API),0x8dd5f400f96435da8f4f044601d4b402055a00e6946754ac319e9f53b8680fc5,0x4079067aa1bdff060c6c45155966d81c79e754e9 spot USDC account,0x4079067aa1bdff060c6c45155966d81c79e754e9 spot XMR1 account,XMR1 (Hyperliquid token index 404),1.44,,spot buy fill,Hyperliquid spot market @260,NOT ESTABLISHED by read-only API response,intact account execution association; mixed protocol custody,CONFIRMED,raw/hl_fills_0x4079067aa1bdff060c6c45155966d81c79e754e9.response.json,"API execution record, not independently reproduced HyperCore consensus inclusion. XMR1 is not proof of native Monero receipt. Gross bought amount before separately recorded XMR1 fee. No extra incident loss counted.",555.43,799.8192,XMR1,0.001008,567241942494,414671620354097,0xceb29e2faa623d02e5551fc09e8caecc,F0193,spot execution account record
F0291,2026-10-07T02:10:17.027Z,Hyperliquid spot account ledger (first-party API),0x8dd5f400f96435da8f4f044601d4b402055a00e6946754ac319e9f53b8680fc5,0x4079067aa1bdff060c6c45155966d81c79e754e9 spot USDC account,0x4079067aa1bdff060c6c45155966d81c79e754e9 spot XMR1 account,XMR1 (Hyperliquid token index 404),0.03,,spot buy fill,Hyperliquid spot market @260,NOT ESTABLISHED by read-only API response,intact account execution association; mixed protocol custody,CONFIRMED,raw/hl_fills_0x4079067aa1bdff060c6c45155966d81c79e754e9.response.json,"API execution record, not independently reproduced HyperCore consensus inclusion. XMR1 is not proof of native Monero receipt. Gross bought amount before separately recorded XMR1 fee. No extra incident loss counted.",557.78,16.7334,XMR1,0.000021,567241942494,676700970788395,0xceb29e2faa623d02e5551fc09e8caecc,F0193,spot execution account record
F0292,2026-10-07T02:10:17.027Z,Hyperliquid spot account ledger (first-party API),0x8dd5f400f96435da8f4f044601d4b402055a00e6946754ac319e9f53b8680fc5,0x4079067aa1bdff060c6c45155966d81c79e754e9 spot USDC account,0x4079067aa1bdff060c6c45155966d81c79e754e9 spot XMR1 account,XMR1 (Hyperliquid token index 404),0.03,,spot buy fill,Hyperliquid spot market @260,NOT ESTABLISHED by read-only API response,intact account execution association; mixed protocol custody,CONFIRMED,raw/hl_fills_0x4079067aa1bdff060c6c45155966d81c79e754e9.response.json,"API execution record, not independently reproduced HyperCore consensus inclusion. XMR1 is not proof of native Monero receipt. Gross bought amount before separately recorded XMR1 fee. No extra incident loss counted.",555.88,16.6764,XMR1,0.000021,567241942494,714377827836268,0xceb29e2faa623d02e5551fc09e8caecc,F0193,spot execution account record
F0293,2026-10-07T02:10:17.027Z,Hyperliquid spot account ledger (first-party API),0x8dd5f400f96435da8f4f044601d4b402055a00e6946754ac319e9f53b8680fc5,0x4079067aa1bdff060c6c45155966d81c79e754e9 spot USDC account,0x4079067aa1bdff060c6c45155966d81c79e754e9 spot XMR1 account,XMR1 (Hyperliquid token index 404),0.03,,spot buy fill,Hyperliquid spot market @260,NOT ESTABLISHED by read-only API response,intact account execution association; mixed protocol custody,CONFIRMED,raw/hl_fills_0x4079067aa1bdff060c6c45155966d81c79e754e9.response.json,"API execution record, not independently reproduced HyperCore consensus inclusion. XMR1 is not proof of native Monero receipt. Gross bought amount before separately recorded XMR1 fee. No extra incident loss counted.",557.39,16.7217,XMR1,0.000021,567241942494,817233417012637,0xceb29e2faa623d02e5551fc09e8caecc,F0193,spot execution account record
F0294,2026-10-07T02:10:17.027Z,Hyperliquid spot account ledger (first-party API),0x8dd5f400f96435da8f4f044601d4b402055a00e6946754ac319e9f53b8680fc5,0x4079067aa1bdff060c6c45155966d81c79e754e9 spot USDC account,0x4079067aa1bdff060c6c45155966d81c79e754e9 spot XMR1 account,XMR1 (Hyperliquid token index 404),3.59,,spot buy fill,Hyperliquid spot market @260,NOT ESTABLISHED by read-only API response,intact account execution association; mixed protocol custody,CONFIRMED,raw/hl_fills_0x4079067aa1bdff060c6c45155966d81c79e754e9.response.json,"API execution record, not independently reproduced HyperCore consensus inclusion. XMR1 is not proof of native Monero receipt. Gross bought amount before separately recorded XMR1 fee. No extra incident loss counted.",555.43,1993.9937,XMR1,0.002513,567241942494,821957447817302,0xceb29e2faa623d02e5551fc09e8caecc,F0193,spot execution account record
F0295,2026-10-07T02:10:17.027Z,Hyperliquid spot account ledger (first-party API),0x8dd5f400f96435da8f4f044601d4b402055a00e6946754ac319e9f53b8680fc5,0x4079067aa1bdff060c6c45155966d81c79e754e9 spot USDC account,0x4079067aa1bdff060c6c45155966d81c79e754e9 spot XMR1 account,XMR1 (Hyperliquid token index 404),0.03,,spot buy fill,Hyperliquid spot market @260,NOT ESTABLISHED by read-only API response,intact account execution association; mixed protocol custody,CONFIRMED,raw/hl_fills_0x4079067aa1bdff060c6c45155966d81c79e754e9.response.json,"API execution record, not independently reproduced HyperCore consensus inclusion. XMR1 is not proof of native Monero receipt. Gross bought amount before separately recorded XMR1 fee. No extra incident loss counted.",556.44,16.6932,XMR1,0.000021,567241942494,926557974486954,0xceb29e2faa623d02e5551fc09e8caecc,F0193,spot execution account record
F0296,2026-10-07T02:10:17.027Z,Hyperliquid spot account ledger (first-party API),0x8dd5f400f96435da8f4f044601d4b402055a00e6946754ac319e9f53b8680fc5,0x4079067aa1bdff060c6c45155966d81c79e754e9 spot USDC account,0x4079067aa1bdff060c6c45155966d81c79e754e9 spot XMR1 account,XMR1 (Hyperliquid token index 404),0.03,,spot buy fill,Hyperliquid spot market @260,NOT ESTABLISHED by read-only API response,intact account execution association; mixed protocol custody,CONFIRMED,raw/hl_fills_0x4079067aa1bdff060c6c45155966d81c79e754e9.response.json,"API execution record, not independently reproduced HyperCore consensus inclusion. XMR1 is not proof of native Monero receipt. Gross bought amount before separately recorded XMR1 fee. No extra incident loss counted.",558.69,16.7607,XMR1,0.000021,567241942494,930194575111319,0xceb29e2faa623d02e5551fc09e8caecc,F0193,spot execution account record
F0297,2026-10-07T02:10:17.027Z,Hyperliquid spot account ledger (first-party API),0x8dd5f400f96435da8f4f044601d4b402055a00e6946754ac319e9f53b8680fc5,0x4079067aa1bdff060c6c45155966d81c79e754e9 spot USDC account,0x4079067aa1bdff060c6c45155966d81c79e754e9 spot XMR1 account,XMR1 (Hyperliquid token index 404),0.03,,spot buy fill,Hyperliquid spot market @260,NOT ESTABLISHED by read-only API response,intact account execution association; mixed protocol custody,CONFIRMED,raw/hl_fills_0x4079067aa1bdff060c6c45155966d81c79e754e9.response.json,"API execution record, not independently reproduced HyperCore consensus inclusion. XMR1 is not proof of native Monero receipt. Gross bought amount before separately recorded XMR1 fee. No extra incident loss counted.",559.03,16.7709,XMR1,0.000021,567241942494,935871352585079,0xceb29e2faa623d02e5551fc09e8caecc,F0193,spot execution account record
F0298,2026-10-07T02:10:17.027Z,Hyperliquid spot account ledger (first-party API),0x8dd5f400f96435da8f4f044601d4b402055a00e6946754ac319e9f53b8680fc5,0x4079067aa1bdff060c6c45155966d81c79e754e9 spot USDC account,0x4079067aa1bdff060c6c45155966d81c79e754e9 spot XMR1 account,XMR1 (Hyperliquid token index 404),0.17,,spot buy fill,Hyperliquid spot market @260,NOT ESTABLISHED by read-only API response,intact account execution association; mixed protocol custody,CONFIRMED,raw/hl_fills_0x4079067aa1bdff060c6c45155966d81c79e754e9.response.json,"API execution record, not independently reproduced HyperCore consensus inclusion. XMR1 is not proof of native Monero receipt. Gross bought amount before separately recorded XMR1 fee. No extra incident loss counted.",555.66,94.4622,XMR1,0.000119,567241942494,1003911425669840,0xceb29e2faa623d02e5551fc09e8caecc,F0193,spot execution account record
F0299,2026-10-07T02:10:17.027Z,Hyperliquid spot account ledger (first-party API),0x8dd5f400f96435da8f4f044601d4b402055a00e6946754ac319e9f53b8680fc5,0x4079067aa1bdff060c6c45155966d81c79e754e9 spot USDC account,0x4079067aa1bdff060c6c45155966d81c79e754e9 spot XMR1 account,XMR1 (Hyperliquid token index 404),7.2,,spot buy fill,Hyperliquid spot market @260,NOT ESTABLISHED by read-only API response,intact account execution association; mixed protocol custody,CONFIRMED,raw/hl_fills_0x4079067aa1bdff060c6c45155966d81c79e754e9.response.json,"API execution record, not independently reproduced HyperCore consensus inclusion. XMR1 is not proof of native Monero receipt. Gross bought amount before separately recorded XMR1 fee. No extra incident loss counted.",555.43,3999.096,XMR1,0.00504,567241942494,1026649973050556,0xceb29e2faa623d02e5551fc09e8caecc,F0193,spot execution account record
F0300,2026-10-07T02:10:20.210Z,Hyperliquid spot account ledger (first-party API),0x0c7dc18b655e3fdd0df7044601d4e202060b007100515eafb0466cde245219c7,0x4079067aa1bdff060c6c45155966d81c79e754e9 spot USDC account,0x4079067aa1bdff060c6c45155966d81c79e754e9 spot XMR1 account,XMR1 (Hyperliquid token index 404),0.03,,spot buy fill,Hyperliquid spot market @260,NOT ESTABLISHED by read-only API response,intact account execution association; mixed protocol custody,CONFIRMED,raw/hl_fills_0x4079067aa1bdff060c6c45155966d81c79e754e9.response.json,"API execution record, not independently reproduced HyperCore consensus inclusion. XMR1 is not proof of native Monero receipt. Gross bought amount before separately recorded XMR1 fee. No extra incident loss counted.",558.1,16.743,XMR1,0.000021,567241993840,62548061510675,0x07594bb9d9a86808afe916359143bd67,F0193,spot execution account record
F0301,2026-10-07T02:10:20.210Z,Hyperliquid spot account ledger (first-party API),0x0c7dc18b655e3fdd0df7044601d4e202060b007100515eafb0466cde245219c7,0x4079067aa1bdff060c6c45155966d81c79e754e9 spot USDC account,0x4079067aa1bdff060c6c45155966d81c79e754e9 spot XMR1 account,XMR1 (Hyperliquid token index 404),15.0,,spot buy fill,Hyperliquid spot market @260,NOT ESTABLISHED by read-only API response,intact account execution association; mixed protocol custody,CONFIRMED,raw/hl_fills_0x4079067aa1bdff060c6c45155966d81c79e754e9.response.json,"API execution record, not independently reproduced HyperCore consensus inclusion. XMR1 is not proof of native Monero receipt. Gross bought amount before separately recorded XMR1 fee. No extra incident loss counted.",560.31,8404.650,XMR1,0.0105,567241993840,64589816320354,0x07594bb9d9a86808afe916359143bd67,F0193,spot execution account record
F0302,2026-10-07T02:10:20.210Z,Hyperliquid spot account ledger (first-party API),0x0c7dc18b655e3fdd0df7044601d4e202060b007100515eafb0466cde245219c7,0x4079067aa1bdff060c6c45155966d81c79e754e9 spot USDC account,0x4079067aa1bdff060c6c45155966d81c79e754e9 spot XMR1 account,XMR1 (Hyperliquid token index 404),0.03,,spot buy fill,Hyperliquid spot market @260,NOT ESTABLISHED by read-only API response,intact account execution association; mixed protocol custody,CONFIRMED,raw/hl_fills_0x4079067aa1bdff060c6c45155966d81c79e754e9.response.json,"API execution record, not independently reproduced HyperCore consensus inclusion. XMR1 is not proof of native Monero receipt. Gross bought amount before separately recorded XMR1 fee. No extra incident loss counted.",560.07,16.8021,XMR1,0.000021,567241993840,109750465214985,0x07594bb9d9a86808afe916359143bd67,F0193,spot execution account record
F0303,2026-10-07T02:10:20.210Z,Hyperliquid spot account ledger (first-party API),0x0c7dc18b655e3fdd0df7044601d4e202060b007100515eafb0466cde245219c7,0x4079067aa1bdff060c6c45155966d81c79e754e9 spot USDC account,0x4079067aa1bdff060c6c45155966d81c79e754e9 spot XMR1 account,XMR1 (Hyperliquid token index 404),1.43,,spot buy fill,Hyperliquid spot market @260,NOT ESTABLISHED by read-only API response,intact account execution association; mixed protocol custody,CONFIRMED,raw/hl_fills_0x4079067aa1bdff060c6c45155966d81c79e754e9.response.json,"API execution record, not independently reproduced HyperCore consensus inclusion. XMR1 is not proof of native Monero receipt. Gross bought amount before separately recorded XMR1 fee. No extra incident loss counted.",556.35,795.5805,XMR1,0.001001,567241993840,192107598877075,0x07594bb9d9a86808afe916359143bd67,F0193,spot execution account record
F0304,2026-10-07T02:10:20.210Z,Hyperliquid spot account ledger (first-party API),0x0c7dc18b655e3fdd0df7044601d4e202060b007100515eafb0466cde245219c7,0x4079067aa1bdff060c6c45155966d81c79e754e9 spot USDC account,0x4079067aa1bdff060c6c45155966d81c79e754e9 spot XMR1 account,XMR1 (Hyperliquid token index 404),0.03,,spot buy fill,Hyperliquid spot market @260,NOT ESTABLISHED by read-only API response,intact account execution association; mixed protocol custody,CONFIRMED,raw/hl_fills_0x4079067aa1bdff060c6c45155966d81c79e754e9.response.json,"API execution record, not independently reproduced HyperCore consensus inclusion. XMR1 is not proof of native Monero receipt. Gross bought amount before separately recorded XMR1 fee. No extra incident loss counted.",556.92,16.7076,XMR1,0.000021,567241993840,251856299324366,0x07594bb9d9a86808afe916359143bd67,F0193,spot execution account record
F0305,2026-10-07T02:10:20.210Z,Hyperliquid spot account ledger (first-party API),0x0c7dc18b655e3fdd0df7044601d4e202060b007100515eafb0466cde245219c7,0x4079067aa1bdff060c6c45155966d81c79e754e9 spot USDC account,0x4079067aa1bdff060c6c45155966d81c79e754e9 spot XMR1 account,XMR1 (Hyperliquid token index 404),59.29,,spot buy fill,Hyperliquid spot market @260,NOT ESTABLISHED by read-only API response,intact account execution association; mixed protocol custody,CONFIRMED,raw/hl_fills_0x4079067aa1bdff060c6c45155966d81c79e754e9.response.json,"API execution record, not independently reproduced HyperCore consensus inclusion. XMR1 is not proof of native Monero receipt. Gross bought amount before separately recorded XMR1 fee. No extra incident loss counted.",560.35,33223.1515,XMR1,0.041503,567241993840,314519009573372,0x07594bb9d9a86808afe916359143bd67,F0193,spot execution account record
F0306,2026-10-07T02:10:20.210Z,Hyperliquid spot account ledger (first-party API),0x0c7dc18b655e3fdd0df7044601d4e202060b007100515eafb0466cde245219c7,0x4079067aa1bdff060c6c45155966d81c79e754e9 spot USDC account,0x4079067aa1bdff060c6c45155966d81c79e754e9 spot XMR1 account,XMR1 (Hyperliquid token index 404),3.59,,spot buy fill,Hyperliquid spot market @260,NOT ESTABLISHED by read-only API response,intact account execution association; mixed protocol custody,CONFIRMED,raw/hl_fills_0x4079067aa1bdff060c6c45155966d81c79e754e9.response.json,"API execution record, not independently reproduced HyperCore consensus inclusion. XMR1 is not proof of native Monero receipt. Gross bought amount before separately recorded XMR1 fee. No extra incident loss counted.",560.3,2011.477,XMR1,0.002513,567241993840,374889170727655,0x07594bb9d9a86808afe916359143bd67,F0193,spot execution account record
F0307,2026-10-07T02:10:20.210Z,Hyperliquid spot account ledger (first-party API),0x0c7dc18b655e3fdd0df7044601d4e202060b007100515eafb0466cde245219c7,0x4079067aa1bdff060c6c45155966d81c79e754e9 spot USDC account,0x4079067aa1bdff060c6c45155966d81c79e754e9 spot XMR1 account,XMR1 (Hyperliquid token index 404),39.29,,spot buy fill,Hyperliquid spot market @260,NOT ESTABLISHED by read-only API response,intact account execution association; mixed protocol custody,CONFIRMED,raw/hl_fills_0x4079067aa1bdff060c6c45155966d81c79e754e9.response.json,"API execution record, not independently reproduced HyperCore consensus inclusion. XMR1 is not proof of native Monero receipt. Gross bought amount before separately recorded XMR1 fee. No extra incident loss counted.",560.34,22015.7586,XMR1,0.027503,567241993840,544318212682039,0x07594bb9d9a86808afe916359143bd67,F0193,spot execution account record
F0308,2026-10-07T02:10:20.210Z,Hyperliquid spot account ledger (first-party API),0x0c7dc18b655e3fdd0df7044601d4e202060b007100515eafb0466cde245219c7,0x4079067aa1bdff060c6c45155966d81c79e754e9 spot USDC account,0x4079067aa1bdff060c6c45155966d81c79e754e9 spot XMR1 account,XMR1 (Hyperliquid token index 404),0.03,,spot buy fill,Hyperliquid spot market @260,NOT ESTABLISHED by read-only API response,intact account execution association; mixed protocol custody,CONFIRMED,raw/hl_fills_0x4079067aa1bdff060c6c45155966d81c79e754e9.response.json,"API execution record, not independently reproduced HyperCore consensus inclusion. XMR1 is not proof of native Monero receipt. Gross bought amount before separately recorded XMR1 fee. No extra incident loss counted.",557.55,16.7265,XMR1,0.000021,567241993840,570579460967918,0x07594bb9d9a86808afe916359143bd67,F0193,spot execution account record
F0309,2026-10-07T02:10:20.210Z,Hyperliquid spot account ledger (first-party API),0x0c7dc18b655e3fdd0df7044601d4e202060b007100515eafb0466cde245219c7,0x4079067aa1bdff060c6c45155966d81c79e754e9 spot USDC account,0x4079067aa1bdff060c6c45155966d81c79e754e9 spot XMR1 account,XMR1 (Hyperliquid token index 404),0.03,,spot buy fill,Hyperliquid spot market @260,NOT ESTABLISHED by read-only API response,intact account execution association; mixed protocol custody,CONFIRMED,raw/hl_fills_0x4079067aa1bdff060c6c45155966d81c79e754e9.response.json,"API execution record, not independently reproduced HyperCore consensus inclusion. XMR1 is not proof of native Monero receipt. Gross bought amount before separately recorded XMR1 fee. No extra incident loss counted.",558.52,16.7556,XMR1,0.000021,567241993840,777217514395362,0x07594bb9d9a86808afe916359143bd67,F0193,spot execution account record
F0310,2026-10-07T02:10:20.210Z,Hyperliquid spot account ledger (first-party API),0x0c7dc18b655e3fdd0df7044601d4e202060b007100515eafb0466cde245219c7,0x4079067aa1bdff060c6c45155966d81c79e754e9 spot USDC account,0x4079067aa1bdff060c6c45155966d81c79e754e9 spot XMR1 account,XMR1 (Hyperliquid token index 404),0.03,,spot buy fill,Hyperliquid spot market @260,NOT ESTABLISHED by read-only API response,intact account execution association; mixed protocol custody,CONFIRMED,raw/hl_fills_0x4079067aa1bdff060c6c45155966d81c79e754e9.response.json,"API execution record, not independently reproduced HyperCore consensus inclusion. XMR1 is not proof of native Monero receipt. Gross bought amount before separately recorded XMR1 fee. No extra incident loss counted.",559.07,16.7721,XMR1,0.000021,567241993840,975365831463422,0x07594bb9d9a86808afe916359143bd67,F0193,spot execution account record
F0311,2026-10-07T02:10:20.210Z,Hyperliquid spot account ledger (first-party API),0x0c7dc18b655e3fdd0df7044601d4e202060b007100515eafb0466cde245219c7,0x4079067aa1bdff060c6c45155966d81c79e754e9 spot USDC account,0x4079067aa1bdff060c6c45155966d81c79e754e9 spot XMR1 account,XMR1 (Hyperliquid token index 404),7.18,,spot buy fill,Hyperliquid spot market @260,NOT ESTABLISHED by read-only API response,intact account execution association; mixed protocol custody,CONFIRMED,raw/hl_fills_0x4079067aa1bdff060c6c45155966d81c79e754e9.response.json,"API execution record, not independently reproduced HyperCore consensus inclusion. XMR1 is not proof of native Monero receipt. Gross bought amount before separately recorded XMR1 fee. No extra incident loss counted.",560.3,4022.954,XMR1,0.005026,567241993840,986336643231748,0x07594bb9d9a86808afe916359143bd67,F0193,spot execution account record
F0312,2026-10-07T02:10:23.619Z,Hyperliquid spot account ledger (first-party API),0x26945ecb5e0c6ebc280e044601d51301190076b0f90f8d8eca5d0a1e1d0048a6,0x4079067aa1bdff060c6c45155966d81c79e754e9 spot USDC account,0x4079067aa1bdff060c6c45155966d81c79e754e9 spot XMR1 account,XMR1 (Hyperliquid token index 404),0.29,,spot buy fill,Hyperliquid spot market @260,NOT ESTABLISHED by read-only API response,intact account execution association; mixed protocol custody,CONFIRMED,raw/hl_fills_0x4079067aa1bdff060c6c45155966d81c79e754e9.response.json,"API execution record, not independently reproduced HyperCore consensus inclusion. XMR1 is not proof of native Monero receipt. Gross bought amount before separately recorded XMR1 fee. No extra incident loss counted.",559.35,162.2115,XMR1,0.000203,567242048729,87449574084271,0xb4f118f13250a2911308e3676efb68f8,F0193,spot execution account record
F0313,2026-10-07T02:10:23.619Z,Hyperliquid spot account ledger (first-party API),0x26945ecb5e0c6ebc280e044601d51301190076b0f90f8d8eca5d0a1e1d0048a6,0x4079067aa1bdff060c6c45155966d81c79e754e9 spot USDC account,0x4079067aa1bdff060c6c45155966d81c79e754e9 spot XMR1 account,XMR1 (Hyperliquid token index 404),0.28,,spot buy fill,Hyperliquid spot market @260,NOT ESTABLISHED by read-only API response,intact account execution association; mixed protocol custody,CONFIRMED,raw/hl_fills_0x4079067aa1bdff060c6c45155966d81c79e754e9.response.json,"API execution record, not independently reproduced HyperCore consensus inclusion. XMR1 is not proof of native Monero receipt. Gross bought amount before separately recorded XMR1 fee. No extra incident loss counted.",558.96,156.5088,XMR1,0.000196,567242048729,133540319294775,0xb4f118f13250a2911308e3676efb68f8,F0193,spot execution account record
F0314,2026-10-07T02:10:23.619Z,Hyperliquid spot account ledger (first-party API),0x26945ecb5e0c6ebc280e044601d51301190076b0f90f8d8eca5d0a1e1d0048a6,0x4079067aa1bdff060c6c45155966d81c79e754e9 spot USDC account,0x4079067aa1bdff060c6c45155966d81c79e754e9 spot XMR1 account,XMR1 (Hyperliquid token index 404),0.28,,spot buy fill,Hyperliquid spot market @260,NOT ESTABLISHED by read-only API response,intact account execution association; mixed protocol custody,CONFIRMED,raw/hl_fills_0x4079067aa1bdff060c6c45155966d81c79e754e9.response.json,"API execution record, not independently reproduced HyperCore consensus inclusion. XMR1 is not proof of native Monero receipt. Gross bought amount before separately recorded XMR1 fee. No extra incident loss counted.",559.75,156.7300,XMR1,0.000196,567242048729,730049363691963,0xb4f118f13250a2911308e3676efb68f8,F0193,spot execution account record
F0315,2026-10-07T02:10:23.619Z,Hyperliquid spot account ledger (first-party API),0x26945ecb5e0c6ebc280e044601d51301190076b0f90f8d8eca5d0a1e1d0048a6,0x4079067aa1bdff060c6c45155966d81c79e754e9 spot USDC account,0x4079067aa1bdff060c6c45155966d81c79e754e9 spot XMR1 account,XMR1 (Hyperliquid token index 404),0.28,,spot buy fill,Hyperliquid spot market @260,NOT ESTABLISHED by read-only API response,intact account execution association; mixed protocol custody,CONFIRMED,raw/hl_fills_0x4079067aa1bdff060c6c45155966d81c79e754e9.response.json,"API execution record, not independently reproduced HyperCore consensus inclusion. XMR1 is not proof of native Monero receipt. Gross bought amount before separately recorded XMR1 fee. No extra incident loss counted.",559.95,156.7860,XMR1,0.000196,567242048729,762074902202810,0xb4f118f13250a2911308e3676efb68f8,F0193,spot execution account record
F0316,2026-10-07T02:10:23.619Z,Hyperliquid spot account ledger (first-party API),0x26945ecb5e0c6ebc280e044601d51301190076b0f90f8d8eca5d0a1e1d0048a6,0x4079067aa1bdff060c6c45155966d81c79e754e9 spot USDC account,0x4079067aa1bdff060c6c45155966d81c79e754e9 spot XMR1 account,XMR1 (Hyperliquid token index 404),0.28,,spot buy fill,Hyperliquid spot market @260,NOT ESTABLISHED by read-only API response,intact account execution association; mixed protocol custody,CONFIRMED,raw/hl_fills_0x4079067aa1bdff060c6c45155966d81c79e754e9.response.json,"API execution record, not independently reproduced HyperCore consensus inclusion. XMR1 is not proof of native Monero receipt. Gross bought amount before separately recorded XMR1 fee. No extra incident loss counted.",559.55,156.6740,XMR1,0.000196,567242048729,982750141593275,0xb4f118f13250a2911308e3676efb68f8,F0193,spot execution account record
F0317,2026-10-07T02:10:23.619Z,Hyperliquid spot account ledger (first-party API),0x26945ecb5e0c6ebc280e044601d51301190076b0f90f8d8eca5d0a1e1d0048a6,0x4079067aa1bdff060c6c45155966d81c79e754e9 spot USDC account,0x4079067aa1bdff060c6c45155966d81c79e754e9 spot XMR1 account,XMR1 (Hyperliquid token index 404),7.96,,spot buy fill,Hyperliquid spot market @260,NOT ESTABLISHED by read-only API response,intact account execution association; mixed protocol custody,CONFIRMED,raw/hl_fills_0x4079067aa1bdff060c6c45155966d81c79e754e9.response.json,"API execution record, not independently reproduced HyperCore consensus inclusion. XMR1 is not proof of native Monero receipt. Gross bought amount before separately recorded XMR1 fee. No extra incident loss counted.",560.3,4459.988,XMR1,0.005572,567242048729,1073087743623063,0xb4f118f13250a2911308e3676efb68f8,F0193,spot execution account record
F0318,2026-10-07T02:10:23.619Z,Hyperliquid spot account ledger (first-party API),0x26945ecb5e0c6ebc280e044601d51301190076b0f90f8d8eca5d0a1e1d0048a6,0x4079067aa1bdff060c6c45155966d81c79e754e9 spot USDC account,0x4079067aa1bdff060c6c45155966d81c79e754e9 spot XMR1 account,XMR1 (Hyperliquid token index 404),0.28,,spot buy fill,Hyperliquid spot market @260,NOT ESTABLISHED by read-only API response,intact account execution association; mixed protocol custody,CONFIRMED,raw/hl_fills_0x4079067aa1bdff060c6c45155966d81c79e754e9.response.json,"API execution record, not independently reproduced HyperCore consensus inclusion. XMR1 is not proof of native Monero receipt. Gross bought amount before separately recorded XMR1 fee. No extra incident loss counted.",559.16,156.5648,XMR1,0.000196,567242048729,1098024082188666,0xb4f118f13250a2911308e3676efb68f8,F0193,spot execution account record
F0319,2026-10-07T02:10:28.774Z,Hyperliquid spot account ledger (first-party API),0x1a43784c0472bfa61bbd044601d55a02067500319f75de78be0c239ec3769990,0x4079067aa1bdff060c6c45155966d81c79e754e9 spot USDC account,0x4079067aa1bdff060c6c45155966d81c79e754e9 spot XMR1 account,XMR1 (Hyperliquid token index 404),0.27,,spot buy fill,Hyperliquid spot market @260,NOT ESTABLISHED by read-only API response,intact account execution association; mixed protocol custody,CONFIRMED,raw/hl_fills_0x4079067aa1bdff060c6c45155966d81c79e754e9.response.json,"API execution record, not independently reproduced HyperCore consensus inclusion. XMR1 is not proof of native Monero receipt. Gross bought amount before separately recorded XMR1 fee. No extra incident loss counted.",558.39,150.7653,XMR1,0.000189,567242158806,55010431689626,0x1b72e40d7be6b7cbe92f0e5e76185be5,F0193,spot execution account record
F0320,2026-10-07T02:10:28.774Z,Hyperliquid spot account ledger (first-party API),0x1a43784c0472bfa61bbd044601d55a02067500319f75de78be0c239ec3769990,0x4079067aa1bdff060c6c45155966d81c79e754e9 spot USDC account,0x4079067aa1bdff060c6c45155966d81c79e754e9 spot XMR1 account,XMR1 (Hyperliquid token index 404),0.25,,spot buy fill,Hyperliquid spot market @260,NOT ESTABLISHED by read-only API response,intact account execution association; mixed protocol custody,CONFIRMED,raw/hl_fills_0x4079067aa1bdff060c6c45155966d81c79e754e9.response.json,"API execution record, not independently reproduced HyperCore consensus inclusion. XMR1 is not proof of native Monero receipt. Gross bought amount before separately recorded XMR1 fee. No extra incident loss counted.",558.18,139.5450,XMR1,0.000175,567242158806,90474544490214,0x1b72e40d7be6b7cbe92f0e5e76185be5,F0193,spot execution account record
F0321,2026-10-07T02:10:28.774Z,Hyperliquid spot account ledger (first-party API),0x1a43784c0472bfa61bbd044601d55a02067500319f75de78be0c239ec3769990,0x4079067aa1bdff060c6c45155966d81c79e754e9 spot USDC account,0x4079067aa1bdff060c6c45155966d81c79e754e9 spot XMR1 account,XMR1 (Hyperliquid token index 404),0.24,,spot buy fill,Hyperliquid spot market @260,NOT ESTABLISHED by read-only API response,intact account execution association; mixed protocol custody,CONFIRMED,raw/hl_fills_0x4079067aa1bdff060c6c45155966d81c79e754e9.response.json,"API execution record, not independently reproduced HyperCore consensus inclusion. XMR1 is not proof of native Monero receipt. Gross bought amount before separately recorded XMR1 fee. No extra incident loss counted.",557.37,133.7688,XMR1,0.000168,567242158806,392272424404225,0x1b72e40d7be6b7cbe92f0e5e76185be5,F0193,spot execution account record
F0322,2026-10-07T02:10:28.774Z,Hyperliquid spot account ledger (first-party API),0x1a43784c0472bfa61bbd044601d55a02067500319f75de78be0c239ec3769990,0x4079067aa1bdff060c6c45155966d81c79e754e9 spot USDC account,0x4079067aa1bdff060c6c45155966d81c79e754e9 spot XMR1 account,XMR1 (Hyperliquid token index 404),0.26,,spot buy fill,Hyperliquid spot market @260,NOT ESTABLISHED by read-only API response,intact account execution association; mixed protocol custody,CONFIRMED,raw/hl_fills_0x4079067aa1bdff060c6c45155966d81c79e754e9.response.json,"API execution record, not independently reproduced HyperCore consensus inclusion. XMR1 is not proof of native Monero receipt. Gross bought amount before separately recorded XMR1 fee. No extra incident loss counted.",557.78,145.0228,XMR1,0.000182,567242158806,393699340183180,0x1b72e40d7be6b7cbe92f0e5e76185be5,F0193,spot execution account record
F0323,2026-10-07T02:10:28.774Z,Hyperliquid spot account ledger (first-party API),0x1a43784c0472bfa61bbd044601d55a02067500319f75de78be0c239ec3769990,0x4079067aa1bdff060c6c45155966d81c79e754e9 spot USDC account,0x4079067aa1bdff060c6c45155966d81c79e754e9 spot XMR1 account,XMR1 (Hyperliquid token index 404),0.25,,spot buy fill,Hyperliquid spot market @260,NOT ESTABLISHED by read-only API response,intact account execution association; mixed protocol custody,CONFIRMED,raw/hl_fills_0x4079067aa1bdff060c6c45155966d81c79e754e9.response.json,"API execution record, not independently reproduced HyperCore consensus inclusion. XMR1 is not proof of native Monero receipt. Gross bought amount before separately recorded XMR1 fee. No extra incident loss counted.",558.79,139.6975,XMR1,0.000175,567242158806,588066491882530,0x1b72e40d7be6b7cbe92f0e5e76185be5,F0193,spot execution account record
F0324,2026-10-07T02:10:28.774Z,Hyperliquid spot account ledger (first-party API),0x1a43784c0472bfa61bbd044601d55a02067500319f75de78be0c239ec3769990,0x4079067aa1bdff060c6c45155966d81c79e754e9 spot USDC account,0x4079067aa1bdff060c6c45155966d81c79e754e9 spot XMR1 account,XMR1 (Hyperliquid token index 404),0.25,,spot buy fill,Hyperliquid spot market @260,NOT ESTABLISHED by read-only API response,intact account execution association; mixed protocol custody,CONFIRMED,raw/hl_fills_0x4079067aa1bdff060c6c45155966d81c79e754e9.response.json,"API execution record, not independently reproduced HyperCore consensus inclusion. XMR1 is not proof of native Monero receipt. Gross bought amount before separately recorded XMR1 fee. No extra incident loss counted.",558.89,139.7225,XMR1,0.000175,567242158806,652526551412568,0x1b72e40d7be6b7cbe92f0e5e76185be5,F0193,spot execution account record
F0325,2026-10-07T02:10:28.774Z,Hyperliquid spot account ledger (first-party API),0x1a43784c0472bfa61bbd044601d55a02067500319f75de78be0c239ec3769990,0x4079067aa1bdff060c6c45155966d81c79e754e9 spot USDC account,0x4079067aa1bdff060c6c45155966d81c79e754e9 spot XMR1 account,XMR1 (Hyperliquid token index 404),0.27,,spot buy fill,Hyperliquid spot market @260,NOT ESTABLISHED by read-only API response,intact account execution association; mixed protocol custody,CONFIRMED,raw/hl_fills_0x4079067aa1bdff060c6c45155966d81c79e754e9.response.json,"API execution record, not independently reproduced HyperCore consensus inclusion. XMR1 is not proof of native Monero receipt. Gross bought amount before separately recorded XMR1 fee. No extra incident loss counted.",557.58,150.5466,XMR1,0.000189,567242158806,692884333322338,0x1b72e40d7be6b7cbe92f0e5e76185be5,F0193,spot execution account record
F0326,2026-10-07T02:10:28.774Z,Hyperliquid spot account ledger (first-party API),0x1a43784c0472bfa61bbd044601d55a02067500319f75de78be0c239ec3769990,0x4079067aa1bdff060c6c45155966d81c79e754e9 spot USDC account,0x4079067aa1bdff060c6c45155966d81c79e754e9 spot XMR1 account,XMR1 (Hyperliquid token index 404),0.26,,spot buy fill,Hyperliquid spot market @260,NOT ESTABLISHED by read-only API response,intact account execution association; mixed protocol custody,CONFIRMED,raw/hl_fills_0x4079067aa1bdff060c6c45155966d81c79e754e9.response.json,"API execution record, not independently reproduced HyperCore consensus inclusion. XMR1 is not proof of native Monero receipt. Gross bought amount before separately recorded XMR1 fee. No extra incident loss counted.",559.1,145.366,XMR1,0.000182,567242158806,697378753765333,0x1b72e40d7be6b7cbe92f0e5e76185be5,F0193,spot execution account record
F0327,2026-10-07T02:10:28.774Z,Hyperliquid spot account ledger (first-party API),0x1a43784c0472bfa61bbd044601d55a02067500319f75de78be0c239ec3769990,0x4079067aa1bdff060c6c45155966d81c79e754e9 spot USDC account,0x4079067aa1bdff060c6c45155966d81c79e754e9 spot XMR1 account,XMR1 (Hyperliquid token index 404),0.27,,spot buy fill,Hyperliquid spot market @260,NOT ESTABLISHED by read-only API response,intact account execution association; mixed protocol custody,CONFIRMED,raw/hl_fills_0x4079067aa1bdff060c6c45155966d81c79e754e9.response.json,"API execution record, not independently reproduced HyperCore consensus inclusion. XMR1 is not proof of native Monero receipt. Gross bought amount before separately recorded XMR1 fee. No extra incident loss counted.",557.99,150.6573,XMR1,0.000189,567242158806,953904972971088,0x1b72e40d7be6b7cbe92f0e5e76185be5,F0193,spot execution account record
F0328,2026-10-07T02:10:31.996Z,Hyperliquid spot account ledger (first-party API),0x56f6f80e5a83b3cc5870044601d58802041800f3f586d29efabfa36119878db6,0x4079067aa1bdff060c6c45155966d81c79e754e9 spot USDC account,0x4079067aa1bdff060c6c45155966d81c79e754e9 spot XMR1 account,XMR1 (Hyperliquid token index 404),0.05,,spot buy fill,Hyperliquid spot market @260,NOT ESTABLISHED by read-only API response,intact account execution association; mixed protocol custody,CONFIRMED,raw/hl_fills_0x4079067aa1bdff060c6c45155966d81c79e754e9.response.json,"API execution record, not independently reproduced HyperCore consensus inclusion. XMR1 is not proof of native Monero receipt. Gross bought amount before separately recorded XMR1 fee. No extra incident loss counted.",556.13,27.8065,XMR1,0.000035,567242204735,537466418337448,0x00da8593ae09d2da034bbf1061417ee9,F0193,spot execution account record
F0329,2026-10-07T02:10:31.996Z,Hyperliquid spot account ledger (first-party API),0x56f6f80e5a83b3cc5870044601d58802041800f3f586d29efabfa36119878db6,0x4079067aa1bdff060c6c45155966d81c79e754e9 spot USDC account,0x4079067aa1bdff060c6c45155966d81c79e754e9 spot XMR1 account,XMR1 (Hyperliquid token index 404),0.26,,spot buy fill,Hyperliquid spot market @260,NOT ESTABLISHED by read-only API response,intact account execution association; mixed protocol custody,CONFIRMED,raw/hl_fills_0x4079067aa1bdff060c6c45155966d81c79e754e9.response.json,"API execution record, not independently reproduced HyperCore consensus inclusion. XMR1 is not proof of native Monero receipt. Gross bought amount before separately recorded XMR1 fee. No extra incident loss counted.",556.09,144.5834,XMR1,0.000182,567242204735,583078964586566,0x00da8593ae09d2da034bbf1061417ee9,F0193,spot execution account record
F0330,2026-10-07T02:10:31.996Z,Hyperliquid spot account ledger (first-party API),0x56f6f80e5a83b3cc5870044601d58802041800f3f586d29efabfa36119878db6,0x4079067aa1bdff060c6c45155966d81c79e754e9 spot USDC account,0x4079067aa1bdff060c6c45155966d81c79e754e9 spot XMR1 account,XMR1 (Hyperliquid token index 404),1.8,,spot buy fill,Hyperliquid spot market @260,NOT ESTABLISHED by read-only API response,intact account execution association; mixed protocol custody,CONFIRMED,raw/hl_fills_0x4079067aa1bdff060c6c45155966d81c79e754e9.response.json,"API execution record, not independently reproduced HyperCore consensus inclusion. XMR1 is not proof of native Monero receipt. Gross bought amount before separately recorded XMR1 fee. No extra incident loss counted.",555.55,999.990,XMR1,0.00126,567242204735,762501697992033,0x00da8593ae09d2da034bbf1061417ee9,F0193,spot execution account record
F0331,2026-10-07T02:10:35.136Z,Hyperliquid spot account ledger (first-party API),0xb4a4178d7dc36a44b61d044601d5b6020f06007318c68916586cc2e03cc7442f,0x4079067aa1bdff060c6c45155966d81c79e754e9 spot USDC account,0x4079067aa1bdff060c6c45155966d81c79e754e9 spot XMR1 account,XMR1 (Hyperliquid token index 404),0.17,,spot buy fill,Hyperliquid spot market @260,NOT ESTABLISHED by read-only API response,intact account execution association; mixed protocol custody,CONFIRMED,raw/hl_fills_0x4079067aa1bdff060c6c45155966d81c79e754e9.response.json,"API execution record, not independently reproduced HyperCore consensus inclusion. XMR1 is not proof of native Monero receipt. Gross bought amount before separately recorded XMR1 fee. No extra incident loss counted.",557.36,94.7512,XMR1,0.000119,567242271592,385246985707769,0x9fb2c66ab7f9e01e2e9ec2b4faa299ac,F0193,spot execution account record
F0332,2026-10-07T02:10:35.136Z,Hyperliquid spot account ledger (first-party API),0xb4a4178d7dc36a44b61d044601d5b6020f06007318c68916586cc2e03cc7442f,0x4079067aa1bdff060c6c45155966d81c79e754e9 spot USDC account,0x4079067aa1bdff060c6c45155966d81c79e754e9 spot XMR1 account,XMR1 (Hyperliquid token index 404),0.03,,spot buy fill,Hyperliquid spot market @260,NOT ESTABLISHED by read-only API response,intact account execution association; mixed protocol custody,CONFIRMED,raw/hl_fills_0x4079067aa1bdff060c6c45155966d81c79e754e9.response.json,"API execution record, not independently reproduced HyperCore consensus inclusion. XMR1 is not proof of native Monero receipt. Gross bought amount before separately recorded XMR1 fee. No extra incident loss counted.",557.22,16.7166,XMR1,0.000021,567242271592,604135176883185,0x9fb2c66ab7f9e01e2e9ec2b4faa299ac,F0193,spot execution account record
F0333,2026-10-07T02:10:35.136Z,Hyperliquid spot account ledger (first-party API),0xb4a4178d7dc36a44b61d044601d5b6020f06007318c68916586cc2e03cc7442f,0x4079067aa1bdff060c6c45155966d81c79e754e9 spot USDC account,0x4079067aa1bdff060c6c45155966d81c79e754e9 spot XMR1 account,XMR1 (Hyperliquid token index 404),0.23,,spot buy fill,Hyperliquid spot market @260,NOT ESTABLISHED by read-only API response,intact account execution association; mixed protocol custody,CONFIRMED,raw/hl_fills_0x4079067aa1bdff060c6c45155966d81c79e754e9.response.json,"API execution record, not independently reproduced HyperCore consensus inclusion. XMR1 is not proof of native Monero receipt. Gross bought amount before separately recorded XMR1 fee. No extra incident loss counted.",557.01,128.1123,XMR1,0.000161,567242271592,930163271349424,0x9fb2c66ab7f9e01e2e9ec2b4faa299ac,F0193,spot execution account record
F0334,2026-10-07T02:10:38.448Z,Hyperliquid spot account ledger (first-party API),0xf2b3e479c4b88994f42d044601d5e40208e7005f5fbba867967c8fcc83bc637f,0x4079067aa1bdff060c6c45155966d81c79e754e9 spot USDC account,0x4079067aa1bdff060c6c45155966d81c79e754e9 spot XMR1 account,XMR1 (Hyperliquid token index 404),0.23,,spot buy fill,Hyperliquid spot market @260,NOT ESTABLISHED by read-only API response,intact account execution association; mixed protocol custody,CONFIRMED,raw/hl_fills_0x4079067aa1bdff060c6c45155966d81c79e754e9.response.json,"API execution record, not independently reproduced HyperCore consensus inclusion. XMR1 is not proof of native Monero receipt. Gross bought amount before separately recorded XMR1 fee. No extra incident loss counted.",560.29,128.8667,XMR1,0.000161,567242361413,79187450611977,0x0a6604d1e38c4aa18d29bbdb7d473008,F0193,spot execution account record
F0335,2026-10-07T02:10:44.555Z,Hyperliquid spot account ledger (first-party API),0x81bc0cc0b3a1268c8335044601d63a020a8000a64ea4455e2584b81372a50077,0x4079067aa1bdff060c6c45155966d81c79e754e9 spot USDC account,0x4079067aa1bdff060c6c45155966d81c79e754e9 spot XMR1 account,XMR1 (Hyperliquid token index 404),7.88,,spot buy fill,Hyperliquid spot market @260,NOT ESTABLISHED by read-only API response,intact account execution association; mixed protocol custody,CONFIRMED,raw/hl_fills_0x4079067aa1bdff060c6c45155966d81c79e754e9.response.json,"API execution record, not independently reproduced HyperCore consensus inclusion. XMR1 is not proof of native Monero receipt. Gross bought amount before separately recorded XMR1 fee. No extra incident loss counted.",562.0,4428.560,XMR1,0.005516,567242495711,274980075773471,0x12576636e5eaa2a20c412abfd0b4db13,F0193,spot execution account record
F0336,2026-10-07T02:13:58.648Z,Hyperliquid spot account ledger (first-party API),0x7ba1982abf75ce4d7d1b044601e0e702052400105a78ed1f1f6a437d7e79a838,0x68b3a77db46418905c7eaf63324d4adcce06a680 spot USDC account,0x68b3a77db46418905c7eaf63324d4adcce06a680 spot XMR1 account,XMR1 (Hyperliquid token index 404),0.25,,spot buy fill,Hyperliquid spot market @260,NOT ESTABLISHED by read-only API response,intact account execution association; mixed protocol custody,CONFIRMED,raw/hl_fills_0x68b3a77db46418905c7eaf63324d4adcce06a680.response.json,"API execution record, not independently reproduced HyperCore consensus inclusion. XMR1 is not proof of native Monero receipt. Gross bought amount before separately recorded XMR1 fee. No extra incident loss counted.",558.4,139.600,XMR1,0.000175,567246483029,107437046459854,0xa7a3fd3ca1b3d5e759bf9da69e3c1de0,F0194,spot execution account record
F0337,2026-10-07T02:13:58.648Z,Hyperliquid spot account ledger (first-party API),0x7ba1982abf75ce4d7d1b044601e0e702052400105a78ed1f1f6a437d7e79a838,0x68b3a77db46418905c7eaf63324d4adcce06a680 spot USDC account,0x68b3a77db46418905c7eaf63324d4adcce06a680 spot XMR1 account,XMR1 (Hyperliquid token index 404),0.25,,spot buy fill,Hyperliquid spot market @260,NOT ESTABLISHED by read-only API response,intact account execution association; mixed protocol custody,CONFIRMED,raw/hl_fills_0x68b3a77db46418905c7eaf63324d4adcce06a680.response.json,"API execution record, not independently reproduced HyperCore consensus inclusion. XMR1 is not proof of native Monero receipt. Gross bought amount before separately recorded XMR1 fee. No extra incident loss counted.",558.9,139.725,XMR1,0.000175,567246483029,247807557136293,0xa7a3fd3ca1b3d5e759bf9da69e3c1de0,F0194,spot execution account record
F0338,2026-10-07T02:13:58.648Z,Hyperliquid spot account ledger (first-party API),0x7ba1982abf75ce4d7d1b044601e0e702052400105a78ed1f1f6a437d7e79a838,0x68b3a77db46418905c7eaf63324d4adcce06a680 spot USDC account,0x68b3a77db46418905c7eaf63324d4adcce06a680 spot XMR1 account,XMR1 (Hyperliquid token index 404),0.25,,spot buy fill,Hyperliquid spot market @260,NOT ESTABLISHED by read-only API response,intact account execution association; mixed protocol custody,CONFIRMED,raw/hl_fills_0x68b3a77db46418905c7eaf63324d4adcce06a680.response.json,"API execution record, not independently reproduced HyperCore consensus inclusion. XMR1 is not proof of native Monero receipt. Gross bought amount before separately recorded XMR1 fee. No extra incident loss counted.",558.65,139.6625,XMR1,0.000175,567246483029,410332019174370,0xa7a3fd3ca1b3d5e759bf9da69e3c1de0,F0194,spot execution account record
F0339,2026-10-07T02:13:58.648Z,Hyperliquid spot account ledger (first-party API),0x7ba1982abf75ce4d7d1b044601e0e702052400105a78ed1f1f6a437d7e79a838,0x68b3a77db46418905c7eaf63324d4adcce06a680 spot USDC account,0x68b3a77db46418905c7eaf63324d4adcce06a680 spot XMR1 account,XMR1 (Hyperliquid token index 404),0.25,,spot buy fill,Hyperliquid spot market @260,NOT ESTABLISHED by read-only API response,intact account execution association; mixed protocol custody,CONFIRMED,raw/hl_fills_0x68b3a77db46418905c7eaf63324d4adcce06a680.response.json,"API execution record, not independently reproduced HyperCore consensus inclusion. XMR1 is not proof of native Monero receipt. Gross bought amount before separately recorded XMR1 fee. No extra incident loss counted.",559.15,139.7875,XMR1,0.000175,567246483029,791927185397522,0xa7a3fd3ca1b3d5e759bf9da69e3c1de0,F0194,spot execution account record
F0340,2026-10-07T02:13:58.648Z,Hyperliquid spot account ledger (first-party API),0x7ba1982abf75ce4d7d1b044601e0e702052400105a78ed1f1f6a437d7e79a838,0x68b3a77db46418905c7eaf63324d4adcce06a680 spot USDC account,0x68b3a77db46418905c7eaf63324d4adcce06a680 spot XMR1 account,XMR1 (Hyperliquid token index 404),0.25,,spot buy fill,Hyperliquid spot market @260,NOT ESTABLISHED by read-only API response,intact account execution association; mixed protocol custody,CONFIRMED,raw/hl_fills_0x68b3a77db46418905c7eaf63324d4adcce06a680.response.json,"API execution record, not independently reproduced HyperCore consensus inclusion. XMR1 is not proof of native Monero receipt. Gross bought amount before separately recorded XMR1 fee. No extra incident loss counted.",558.15,139.5375,XMR1,0.000175,567246483029,995912937266501,0xa7a3fd3ca1b3d5e759bf9da69e3c1de0,F0194,spot execution account record
F0341,2026-10-07T02:14:02.607Z,Hyperliquid spot account ledger (first-party API),0x5a59b5e7cfe6b4595bd3044601e11e02077000cd6ae9d32bfe22613a8eea8e43,0x68b3a77db46418905c7eaf63324d4adcce06a680 spot USDC account,0x68b3a77db46418905c7eaf63324d4adcce06a680 spot XMR1 account,XMR1 (Hyperliquid token index 404),1.56,,spot buy fill,Hyperliquid spot market @260,NOT ESTABLISHED by read-only API response,intact account execution association; mixed protocol custody,CONFIRMED,raw/hl_fills_0x68b3a77db46418905c7eaf63324d4adcce06a680.response.json,"API execution record, not independently reproduced HyperCore consensus inclusion. XMR1 is not proof of native Monero receipt. Gross bought amount before separately recorded XMR1 fee. No extra incident loss counted.",562.16,876.9696,XMR1,0.001092,567246572152,389437467698917,0xbc3305c1a80092e1909fddf37a316269,F0194,spot execution account record
F0342,2026-10-07T02:14:02.607Z,Hyperliquid spot account ledger (first-party API),0x5a59b5e7cfe6b4595bd3044601e11e02077000cd6ae9d32bfe22613a8eea8e43,0x68b3a77db46418905c7eaf63324d4adcce06a680 spot USDC account,0x68b3a77db46418905c7eaf63324d4adcce06a680 spot XMR1 account,XMR1 (Hyperliquid token index 404),147.61,,spot buy fill,Hyperliquid spot market @260,NOT ESTABLISHED by read-only API response,intact account execution association; mixed protocol custody,CONFIRMED,raw/hl_fills_0x68b3a77db46418905c7eaf63324d4adcce06a680.response.json,"API execution record, not independently reproduced HyperCore consensus inclusion. XMR1 is not proof of native Monero receipt. Gross bought amount before separately recorded XMR1 fee. No extra incident loss counted.",562.0,82956.820,XMR1,0.103327,567246572152,522334066883056,0xbc3305c1a80092e1909fddf37a316269,F0194,spot execution account record
F0343,2026-10-07T02:14:04.862Z,Hyperliquid spot account ledger (first-party API),0x4803b7300486c1be497d044601e13f0204e500159f89e090ebcc6282c38a9ba8,0x68b3a77db46418905c7eaf63324d4adcce06a680 spot USDC account,0x68b3a77db46418905c7eaf63324d4adcce06a680 spot XMR1 account,XMR1 (Hyperliquid token index 404),2.13,,spot buy fill,Hyperliquid spot market @260,NOT ESTABLISHED by read-only API response,intact account execution association; mixed protocol custody,CONFIRMED,raw/hl_fills_0x68b3a77db46418905c7eaf63324d4adcce06a680.response.json,"API execution record, not independently reproduced HyperCore consensus inclusion. XMR1 is not proof of native Monero receipt. Gross bought amount before separately recorded XMR1 fee. No extra incident loss counted.",562.86,1198.8918,XMR1,0.001491,567246622821,186499261289370,0x3796ae195b1d18f91952c5aff2088ab9,F0194,spot execution account record
F0344,2026-10-07T02:14:09.210Z,Hyperliquid spot account ledger (first-party API),0xccd5389bd288a906ce4e044601e17f02038500816d8bc7d8709de3ee918c82f1,0x68b3a77db46418905c7eaf63324d4adcce06a680 spot USDC account,0x68b3a77db46418905c7eaf63324d4adcce06a680 spot XMR1 account,XMR1 (Hyperliquid token index 404),0.25,,spot buy fill,Hyperliquid spot market @260,NOT ESTABLISHED by read-only API response,intact account execution association; mixed protocol custody,CONFIRMED,raw/hl_fills_0x68b3a77db46418905c7eaf63324d4adcce06a680.response.json,"API execution record, not independently reproduced HyperCore consensus inclusion. XMR1 is not proof of native Monero receipt. Gross bought amount before separately recorded XMR1 fee. No extra incident loss counted.",562.94,140.7350,XMR1,0.000175,567246690109,31944874943960,0x4163e325be3749d0c52e78d7eaa68cf3,F0194,spot execution account record
F0345,2026-10-07T02:14:09.210Z,Hyperliquid spot account ledger (first-party API),0xccd5389bd288a906ce4e044601e17f02038500816d8bc7d8709de3ee918c82f1,0x68b3a77db46418905c7eaf63324d4adcce06a680 spot USDC account,0x68b3a77db46418905c7eaf63324d4adcce06a680 spot XMR1 account,XMR1 (Hyperliquid token index 404),0.25,,spot buy fill,Hyperliquid spot market @260,NOT ESTABLISHED by read-only API response,intact account execution association; mixed protocol custody,CONFIRMED,raw/hl_fills_0x68b3a77db46418905c7eaf63324d4adcce06a680.response.json,"API execution record, not independently reproduced HyperCore consensus inclusion. XMR1 is not proof of native Monero receipt. Gross bought amount before separately recorded XMR1 fee. No extra incident loss counted.",564.76,141.1900,XMR1,0.000175,567246690109,57193445947149,0x4163e325be3749d0c52e78d7eaa68cf3,F0194,spot execution account record
F0346,2026-10-07T02:14:09.210Z,Hyperliquid spot account ledger (first-party API),0xccd5389bd288a906ce4e044601e17f02038500816d8bc7d8709de3ee918c82f1,0x68b3a77db46418905c7eaf63324d4adcce06a680 spot USDC account,0x68b3a77db46418905c7eaf63324d4adcce06a680 spot XMR1 account,XMR1 (Hyperliquid token index 404),0.25,,spot buy fill,Hyperliquid spot market @260,NOT ESTABLISHED by read-only API response,intact account execution association; mixed protocol custody,CONFIRMED,raw/hl_fills_0x68b3a77db46418905c7eaf63324d4adcce06a680.response.json,"API execution record, not independently reproduced HyperCore consensus inclusion. XMR1 is not proof of native Monero receipt. Gross bought amount before separately recorded XMR1 fee. No extra incident loss counted.",563.21,140.8025,XMR1,0.000175,567246690109,173779104216126,0x4163e325be3749d0c52e78d7eaa68cf3,F0194,spot execution account record
F0347,2026-10-07T02:14:09.210Z,Hyperliquid spot account ledger (first-party API),0xccd5389bd288a906ce4e044601e17f02038500816d8bc7d8709de3ee918c82f1,0x68b3a77db46418905c7eaf63324d4adcce06a680 spot USDC account,0x68b3a77db46418905c7eaf63324d4adcce06a680 spot XMR1 account,XMR1 (Hyperliquid token index 404),0.25,,spot buy fill,Hyperliquid spot market @260,NOT ESTABLISHED by read-only API response,intact account execution association; mixed protocol custody,CONFIRMED,raw/hl_fills_0x68b3a77db46418905c7eaf63324d4adcce06a680.response.json,"API execution record, not independently reproduced HyperCore consensus inclusion. XMR1 is not proof of native Monero receipt. Gross bought amount before separately recorded XMR1 fee. No extra incident loss counted.",564.65,141.1625,XMR1,0.000175,567246690109,374322966463156,0x4163e325be3749d0c52e78d7eaa68cf3,F0194,spot execution account record
F0348,2026-10-07T02:14:09.210Z,Hyperliquid spot account ledger (first-party API),0xccd5389bd288a906ce4e044601e17f02038500816d8bc7d8709de3ee918c82f1,0x68b3a77db46418905c7eaf63324d4adcce06a680 spot USDC account,0x68b3a77db46418905c7eaf63324d4adcce06a680 spot XMR1 account,XMR1 (Hyperliquid token index 404),0.25,,spot buy fill,Hyperliquid spot market @260,NOT ESTABLISHED by read-only API response,intact account execution association; mixed protocol custody,CONFIRMED,raw/hl_fills_0x68b3a77db46418905c7eaf63324d4adcce06a680.response.json,"API execution record, not independently reproduced HyperCore consensus inclusion. XMR1 is not proof of native Monero receipt. Gross bought amount before separately recorded XMR1 fee. No extra incident loss counted.",563.75,140.9375,XMR1,0.000175,567246690109,516083376120396,0x4163e325be3749d0c52e78d7eaa68cf3,F0194,spot execution account record
F0349,2026-10-07T02:14:09.210Z,Hyperliquid spot account ledger (first-party API),0xccd5389bd288a906ce4e044601e17f02038500816d8bc7d8709de3ee918c82f1,0x68b3a77db46418905c7eaf63324d4adcce06a680 spot USDC account,0x68b3a77db46418905c7eaf63324d4adcce06a680 spot XMR1 account,XMR1 (Hyperliquid token index 404),0.25,,spot buy fill,Hyperliquid spot market @260,NOT ESTABLISHED by read-only API response,intact account execution association; mixed protocol custody,CONFIRMED,raw/hl_fills_0x68b3a77db46418905c7eaf63324d4adcce06a680.response.json,"API execution record, not independently reproduced HyperCore consensus inclusion. XMR1 is not proof of native Monero receipt. Gross bought amount before separately recorded XMR1 fee. No extra incident loss counted.",561.79,140.4475,XMR1,0.000175,567246690109,535353865143750,0x4163e325be3749d0c52e78d7eaa68cf3,F0194,spot execution account record
F0350,2026-10-07T02:14:09.210Z,Hyperliquid spot account ledger (first-party API),0xccd5389bd288a906ce4e044601e17f02038500816d8bc7d8709de3ee918c82f1,0x68b3a77db46418905c7eaf63324d4adcce06a680 spot USDC account,0x68b3a77db46418905c7eaf63324d4adcce06a680 spot XMR1 account,XMR1 (Hyperliquid token index 404),0.25,,spot buy fill,Hyperliquid spot market @260,NOT ESTABLISHED by read-only API response,intact account execution association; mixed protocol custody,CONFIRMED,raw/hl_fills_0x68b3a77db46418905c7eaf63324d4adcce06a680.response.json,"API execution record, not independently reproduced HyperCore consensus inclusion. XMR1 is not proof of native Monero receipt. Gross bought amount before separately recorded XMR1 fee. No extra incident loss counted.",563.48,140.8700,XMR1,0.000175,567246690109,558805159252416,0x4163e325be3749d0c52e78d7eaa68cf3,F0194,spot execution account record
F0351,2026-10-07T02:14:09.210Z,Hyperliquid spot account ledger (first-party API),0xccd5389bd288a906ce4e044601e17f02038500816d8bc7d8709de3ee918c82f1,0x68b3a77db46418905c7eaf63324d4adcce06a680 spot USDC account,0x68b3a77db46418905c7eaf63324d4adcce06a680 spot XMR1 account,XMR1 (Hyperliquid token index 404),0.25,,spot buy fill,Hyperliquid spot market @260,NOT ESTABLISHED by read-only API response,intact account execution association; mixed protocol custody,CONFIRMED,raw/hl_fills_0x68b3a77db46418905c7eaf63324d4adcce06a680.response.json,"API execution record, not independently reproduced HyperCore consensus inclusion. XMR1 is not proof of native Monero receipt. Gross bought amount before separately recorded XMR1 fee. No extra incident loss counted.",564.22,141.0550,XMR1,0.000175,567246690109,576265835490871,0x4163e325be3749d0c52e78d7eaa68cf3,F0194,spot execution account record
F0352,2026-10-07T02:14:09.210Z,Hyperliquid spot account ledger (first-party API),0xccd5389bd288a906ce4e044601e17f02038500816d8bc7d8709de3ee918c82f1,0x68b3a77db46418905c7eaf63324d4adcce06a680 spot USDC account,0x68b3a77db46418905c7eaf63324d4adcce06a680 spot XMR1 account,XMR1 (Hyperliquid token index 404),0.25,,spot buy fill,Hyperliquid spot market @260,NOT ESTABLISHED by read-only API response,intact account execution association; mixed protocol custody,CONFIRMED,raw/hl_fills_0x68b3a77db46418905c7eaf63324d4adcce06a680.response.json,"API execution record, not independently reproduced HyperCore consensus inclusion. XMR1 is not proof of native Monero receipt. Gross bought amount before separately recorded XMR1 fee. No extra incident loss counted.",564.02,141.0050,XMR1,0.000175,567246690109,725689259296837,0x4163e325be3749d0c52e78d7eaa68cf3,F0194,spot execution account record
F0353,2026-10-07T02:14:09.210Z,Hyperliquid spot account ledger (first-party API),0xccd5389bd288a906ce4e044601e17f02038500816d8bc7d8709de3ee918c82f1,0x68b3a77db46418905c7eaf63324d4adcce06a680 spot USDC account,0x68b3a77db46418905c7eaf63324d4adcce06a680 spot XMR1 account,XMR1 (Hyperliquid token index 404),0.25,,spot buy fill,Hyperliquid spot market @260,NOT ESTABLISHED by read-only API response,intact account execution association; mixed protocol custody,CONFIRMED,raw/hl_fills_0x68b3a77db46418905c7eaf63324d4adcce06a680.response.json,"API execution record, not independently reproduced HyperCore consensus inclusion. XMR1 is not proof of native Monero receipt. Gross bought amount before separately recorded XMR1 fee. No extra incident loss counted.",564.38,141.0950,XMR1,0.000175,567246690109,915741525264084,0x4163e325be3749d0c52e78d7eaa68cf3,F0194,spot execution account record
F0354,2026-10-07T02:14:09.210Z,Hyperliquid spot account ledger (first-party API),0xccd5389bd288a906ce4e044601e17f02038500816d8bc7d8709de3ee918c82f1,0x68b3a77db46418905c7eaf63324d4adcce06a680 spot USDC account,0x68b3a77db46418905c7eaf63324d4adcce06a680 spot XMR1 account,XMR1 (Hyperliquid token index 404),0.25,,spot buy fill,Hyperliquid spot market @260,NOT ESTABLISHED by read-only API response,intact account execution association; mixed protocol custody,CONFIRMED,raw/hl_fills_0x68b3a77db46418905c7eaf63324d4adcce06a680.response.json,"API execution record, not independently reproduced HyperCore consensus inclusion. XMR1 is not proof of native Monero receipt. Gross bought amount before separately recorded XMR1 fee. No extra incident loss counted.",565.28,141.3200,XMR1,0.000175,567246690109,1038910375241661,0x4163e325be3749d0c52e78d7eaa68cf3,F0194,spot execution account record
F0355,2026-10-07T02:14:09.210Z,Hyperliquid spot account ledger (first-party API),0xccd5389bd288a906ce4e044601e17f02038500816d8bc7d8709de3ee918c82f1,0x68b3a77db46418905c7eaf63324d4adcce06a680 spot USDC account,0x68b3a77db46418905c7eaf63324d4adcce06a680 spot XMR1 account,XMR1 (Hyperliquid token index 404),0.25,,spot buy fill,Hyperliquid spot market @260,NOT ESTABLISHED by read-only API response,intact account execution association; mixed protocol custody,CONFIRMED,raw/hl_fills_0x68b3a77db46418905c7eaf63324d4adcce06a680.response.json,"API execution record, not independently reproduced HyperCore consensus inclusion. XMR1 is not proof of native Monero receipt. Gross bought amount before separately recorded XMR1 fee. No extra incident loss counted.",565.02,141.2550,XMR1,0.000175,567246690109,1070447910377278,0x4163e325be3749d0c52e78d7eaa68cf3,F0194,spot execution account record
F0356,2026-10-07T02:14:12.355Z,Hyperliquid spot account ledger (first-party API),0x983af134f5cf524a99b4044601e1ae0204ae001a90c2711c3c039c87b4c32c35,0x68b3a77db46418905c7eaf63324d4adcce06a680 spot USDC account,0x68b3a77db46418905c7eaf63324d4adcce06a680 spot XMR1 account,XMR1 (Hyperliquid token index 404),0.25,,spot buy fill,Hyperliquid spot market @260,NOT ESTABLISHED by read-only API response,intact account execution association; mixed protocol custody,CONFIRMED,raw/hl_fills_0x68b3a77db46418905c7eaf63324d4adcce06a680.response.json,"API execution record, not independently reproduced HyperCore consensus inclusion. XMR1 is not proof of native Monero receipt. Gross bought amount before separately recorded XMR1 fee. No extra incident loss counted.",561.08,140.2700,XMR1,0.000175,567246732788,14874065431273,0x26f36cb6af2d2471f3a5e6a80b675da6,F0194,spot execution account record
F0357,2026-10-07T02:14:12.355Z,Hyperliquid spot account ledger (first-party API),0x983af134f5cf524a99b4044601e1ae0204ae001a90c2711c3c039c87b4c32c35,0x68b3a77db46418905c7eaf63324d4adcce06a680 spot USDC account,0x68b3a77db46418905c7eaf63324d4adcce06a680 spot XMR1 account,XMR1 (Hyperliquid token index 404),1.55,,spot buy fill,Hyperliquid spot market @260,NOT ESTABLISHED by read-only API response,intact account execution association; mixed protocol custody,CONFIRMED,raw/hl_fills_0x68b3a77db46418905c7eaf63324d4adcce06a680.response.json,"API execution record, not independently reproduced HyperCore consensus inclusion. XMR1 is not proof of native Monero receipt. Gross bought amount before separately recorded XMR1 fee. No extra incident loss counted.",558.52,865.7060,XMR1,0.001085,567246732788,217549049029706,0x26f36cb6af2d2471f3a5e6a80b675da6,F0194,spot execution account record
F0358,2026-10-07T02:14:12.355Z,Hyperliquid spot account ledger (first-party API),0x983af134f5cf524a99b4044601e1ae0204ae001a90c2711c3c039c87b4c32c35,0x68b3a77db46418905c7eaf63324d4adcce06a680 spot USDC account,0x68b3a77db46418905c7eaf63324d4adcce06a680 spot XMR1 account,XMR1 (Hyperliquid token index 404),0.05,,spot buy fill,Hyperliquid spot market @260,NOT ESTABLISHED by read-only API response,intact account execution association; mixed protocol custody,CONFIRMED,raw/hl_fills_0x68b3a77db46418905c7eaf63324d4adcce06a680.response.json,"API execution record, not independently reproduced HyperCore consensus inclusion. XMR1 is not proof of native Monero receipt. Gross bought amount before separately recorded XMR1 fee. No extra incident loss counted.",561.37,28.0685,XMR1,0.000035,567246732788,399823328758186,0x26f36cb6af2d2471f3a5e6a80b675da6,F0194,spot execution account record
F0359,2026-10-07T02:14:12.355Z,Hyperliquid spot account ledger (first-party API),0x983af134f5cf524a99b4044601e1ae0204ae001a90c2711c3c039c87b4c32c35,0x68b3a77db46418905c7eaf63324d4adcce06a680 spot USDC account,0x68b3a77db46418905c7eaf63324d4adcce06a680 spot XMR1 account,XMR1 (Hyperliquid token index 404),0.25,,spot buy fill,Hyperliquid spot market @260,NOT ESTABLISHED by read-only API response,intact account execution association; mixed protocol custody,CONFIRMED,raw/hl_fills_0x68b3a77db46418905c7eaf63324d4adcce06a680.response.json,"API execution record, not independently reproduced HyperCore consensus inclusion. XMR1 is not proof of native Monero receipt. Gross bought amount before separately recorded XMR1 fee. No extra incident loss counted.",560.21,140.0525,XMR1,0.000175,567246732788,497772493825491,0x26f36cb6af2d2471f3a5e6a80b675da6,F0194,spot execution account record
F0360,2026-10-07T02:14:12.355Z,Hyperliquid spot account ledger (first-party API),0x983af134f5cf524a99b4044601e1ae0204ae001a90c2711c3c039c87b4c32c35,0x68b3a77db46418905c7eaf63324d4adcce06a680 spot USDC account,0x68b3a77db46418905c7eaf63324d4adcce06a680 spot XMR1 account,XMR1 (Hyperliquid token index 404),0.25,,spot buy fill,Hyperliquid spot market @260,NOT ESTABLISHED by read-only API response,intact account execution association; mixed protocol custody,CONFIRMED,raw/hl_fills_0x68b3a77db46418905c7eaf63324d4adcce06a680.response.json,"API execution record, not independently reproduced HyperCore consensus inclusion. XMR1 is not proof of native Monero receipt. Gross bought amount before separately recorded XMR1 fee. No extra incident loss counted.",560.5,140.125,XMR1,0.000175,567246732788,508679650730224,0x26f36cb6af2d2471f3a5e6a80b675da6,F0194,spot execution account record
F0361,2026-10-07T02:14:12.355Z,Hyperliquid spot account ledger (first-party API),0x983af134f5cf524a99b4044601e1ae0204ae001a90c2711c3c039c87b4c32c35,0x68b3a77db46418905c7eaf63324d4adcce06a680 spot USDC account,0x68b3a77db46418905c7eaf63324d4adcce06a680 spot XMR1 account,XMR1 (Hyperliquid token index 404),0.25,,spot buy fill,Hyperliquid spot market @260,NOT ESTABLISHED by read-only API response,intact account execution association; mixed protocol custody,CONFIRMED,raw/hl_fills_0x68b3a77db46418905c7eaf63324d4adcce06a680.response.json,"API execution record, not independently reproduced HyperCore consensus inclusion. XMR1 is not proof of native Monero receipt. Gross bought amount before separately recorded XMR1 fee. No extra incident loss counted.",559.69,139.9225,XMR1,0.000175,567246732788,834163744911243,0x26f36cb6af2d2471f3a5e6a80b675da6,F0194,spot execution account record
F0362,2026-10-07T02:14:12.355Z,Hyperliquid spot account ledger (first-party API),0x983af134f5cf524a99b4044601e1ae0204ae001a90c2711c3c039c87b4c32c35,0x68b3a77db46418905c7eaf63324d4adcce06a680 spot USDC account,0x68b3a77db46418905c7eaf63324d4adcce06a680 spot XMR1 account,XMR1 (Hyperliquid token index 404),0.25,,spot buy fill,Hyperliquid spot market @260,NOT ESTABLISHED by read-only API response,intact account execution association; mixed protocol custody,CONFIRMED,raw/hl_fills_0x68b3a77db46418905c7eaf63324d4adcce06a680.response.json,"API execution record, not independently reproduced HyperCore consensus inclusion. XMR1 is not proof of native Monero receipt. Gross bought amount before separately recorded XMR1 fee. No extra incident loss counted.",559.44,139.8600,XMR1,0.000175,567246732788,940216596770679,0x26f36cb6af2d2471f3a5e6a80b675da6,F0194,spot execution account record
F0363,2026-10-07T02:14:12.355Z,Hyperliquid spot account ledger (first-party API),0x983af134f5cf524a99b4044601e1ae0204ae001a90c2711c3c039c87b4c32c35,0x68b3a77db46418905c7eaf63324d4adcce06a680 spot USDC account,0x68b3a77db46418905c7eaf63324d4adcce06a680 spot XMR1 account,XMR1 (Hyperliquid token index 404),0.25,,spot buy fill,Hyperliquid spot market @260,NOT ESTABLISHED by read-only API response,intact account execution association; mixed protocol custody,CONFIRMED,raw/hl_fills_0x68b3a77db46418905c7eaf63324d4adcce06a680.response.json,"API execution record, not independently reproduced HyperCore consensus inclusion. XMR1 is not proof of native Monero receipt. Gross bought amount before separately recorded XMR1 fee. No extra incident loss counted.",559.92,139.9800,XMR1,0.000175,567246732788,955610708518990,0x26f36cb6af2d2471f3a5e6a80b675da6,F0194,spot execution account record
F0364,2026-10-07T02:14:12.355Z,Hyperliquid spot account ledger (first-party API),0x983af134f5cf524a99b4044601e1ae0204ae001a90c2711c3c039c87b4c32c35,0x68b3a77db46418905c7eaf63324d4adcce06a680 spot USDC account,0x68b3a77db46418905c7eaf63324d4adcce06a680 spot XMR1 account,XMR1 (Hyperliquid token index 404),0.25,,spot buy fill,Hyperliquid spot market @260,NOT ESTABLISHED by read-only API response,intact account execution association; mixed protocol custody,CONFIRMED,raw/hl_fills_0x68b3a77db46418905c7eaf63324d4adcce06a680.response.json,"API execution record, not independently reproduced HyperCore consensus inclusion. XMR1 is not proof of native Monero receipt. Gross bought amount before separately recorded XMR1 fee. No extra incident loss counted.",560.79,140.1975,XMR1,0.000175,567246732788,1020207289731576,0x26f36cb6af2d2471f3a5e6a80b675da6,F0194,spot execution account record
F0365,2026-10-07T02:14:12.355Z,Hyperliquid spot account ledger (first-party API),0x983af134f5cf524a99b4044601e1ae0204ae001a90c2711c3c039c87b4c32c35,0x68b3a77db46418905c7eaf63324d4adcce06a680 spot USDC account,0x68b3a77db46418905c7eaf63324d4adcce06a680 spot XMR1 account,XMR1 (Hyperliquid token index 404),0.37,,spot buy fill,Hyperliquid spot market @260,NOT ESTABLISHED by read-only API response,intact account execution association; mixed protocol custody,CONFIRMED,raw/hl_fills_0x68b3a77db46418905c7eaf63324d4adcce06a680.response.json,"API execution record, not independently reproduced HyperCore consensus inclusion. XMR1 is not proof of native Monero receipt. Gross bought amount before separately recorded XMR1 fee. No extra incident loss counted.",561.37,207.7069,XMR1,0.000259,567246732788,1050239367610639,0x26f36cb6af2d2471f3a5e6a80b675da6,F0194,spot execution account record
F0366,2026-10-07T02:14:15.568Z,Hyperliquid spot account ledger (first-party API),0x478083fc6695997c48fa044601e1dc0204dd00e20198b84eeb492f4f25997366,0x68b3a77db46418905c7eaf63324d4adcce06a680 spot USDC account,0x68b3a77db46418905c7eaf63324d4adcce06a680 spot XMR1 account,XMR1 (Hyperliquid token index 404),0.23,,spot buy fill,Hyperliquid spot market @260,NOT ESTABLISHED by read-only API response,intact account execution association; mixed protocol custody,CONFIRMED,raw/hl_fills_0x68b3a77db46418905c7eaf63324d4adcce06a680.response.json,"API execution record, not independently reproduced HyperCore consensus inclusion. XMR1 is not proof of native Monero receipt. Gross bought amount before separately recorded XMR1 fee. No extra incident loss counted.",559.41,128.6643,XMR1,0.000161,567246779764,147823449123884,0xfcf0610bca09814ac970034607fc9289,F0194,spot execution account record
F0367,2026-10-07T02:14:15.568Z,Hyperliquid spot account ledger (first-party API),0x478083fc6695997c48fa044601e1dc0204dd00e20198b84eeb492f4f25997366,0x68b3a77db46418905c7eaf63324d4adcce06a680 spot USDC account,0x68b3a77db46418905c7eaf63324d4adcce06a680 spot XMR1 account,XMR1 (Hyperliquid token index 404),1.0,,spot buy fill,Hyperliquid spot market @260,NOT ESTABLISHED by read-only API response,intact account execution association; mixed protocol custody,CONFIRMED,raw/hl_fills_0x68b3a77db46418905c7eaf63324d4adcce06a680.response.json,"API execution record, not independently reproduced HyperCore consensus inclusion. XMR1 is not proof of native Monero receipt. Gross bought amount before separately recorded XMR1 fee. No extra incident loss counted.",558.64,558.640,XMR1,0.0007,567246779764,297992350524650,0xfcf0610bca09814ac970034607fc9289,F0194,spot execution account record
F0368,2026-10-07T02:14:15.568Z,Hyperliquid spot account ledger (first-party API),0x478083fc6695997c48fa044601e1dc0204dd00e20198b84eeb492f4f25997366,0x68b3a77db46418905c7eaf63324d4adcce06a680 spot USDC account,0x68b3a77db46418905c7eaf63324d4adcce06a680 spot XMR1 account,XMR1 (Hyperliquid token index 404),0.26,,spot buy fill,Hyperliquid spot market @260,NOT ESTABLISHED by read-only API response,intact account execution association; mixed protocol custody,CONFIRMED,raw/hl_fills_0x68b3a77db46418905c7eaf63324d4adcce06a680.response.json,"API execution record, not independently reproduced HyperCore consensus inclusion. XMR1 is not proof of native Monero receipt. Gross bought amount before separately recorded XMR1 fee. No extra incident loss counted.",561.23,145.9198,XMR1,0.000182,567246779764,373799976555755,0xfcf0610bca09814ac970034607fc9289,F0194,spot execution account record
F0369,2026-10-07T02:14:15.568Z,Hyperliquid spot account ledger (first-party API),0x478083fc6695997c48fa044601e1dc0204dd00e20198b84eeb492f4f25997366,0x68b3a77db46418905c7eaf63324d4adcce06a680 spot USDC account,0x68b3a77db46418905c7eaf63324d4adcce06a680 spot XMR1 account,XMR1 (Hyperliquid token index 404),0.25,,spot buy fill,Hyperliquid spot market @260,NOT ESTABLISHED by read-only API response,intact account execution association; mixed protocol custody,CONFIRMED,raw/hl_fills_0x68b3a77db46418905c7eaf63324d4adcce06a680.response.json,"API execution record, not independently reproduced HyperCore consensus inclusion. XMR1 is not proof of native Monero receipt. Gross bought amount before separately recorded XMR1 fee. No extra incident loss counted.",560.61,140.1525,XMR1,0.000175,567246779764,405302319915526,0xfcf0610bca09814ac970034607fc9289,F0194,spot execution account record
F0370,2026-10-07T02:14:15.568Z,Hyperliquid spot account ledger (first-party API),0x478083fc6695997c48fa044601e1dc0204dd00e20198b84eeb492f4f25997366,0x68b3a77db46418905c7eaf63324d4adcce06a680 spot USDC account,0x68b3a77db46418905c7eaf63324d4adcce06a680 spot XMR1 account,XMR1 (Hyperliquid token index 404),0.24,,spot buy fill,Hyperliquid spot market @260,NOT ESTABLISHED by read-only API response,intact account execution association; mixed protocol custody,CONFIRMED,raw/hl_fills_0x68b3a77db46418905c7eaf63324d4adcce06a680.response.json,"API execution record, not independently reproduced HyperCore consensus inclusion. XMR1 is not proof of native Monero receipt. Gross bought amount before separately recorded XMR1 fee. No extra incident loss counted.",560.3,134.472,XMR1,0.000168,567246779764,531449602693005,0xfcf0610bca09814ac970034607fc9289,F0194,spot execution account record
F0371,2026-10-07T02:14:15.568Z,Hyperliquid spot account ledger (first-party API),0x478083fc6695997c48fa044601e1dc0204dd00e20198b84eeb492f4f25997366,0x68b3a77db46418905c7eaf63324d4adcce06a680 spot USDC account,0x68b3a77db46418905c7eaf63324d4adcce06a680 spot XMR1 account,XMR1 (Hyperliquid token index 404),0.26,,spot buy fill,Hyperliquid spot market @260,NOT ESTABLISHED by read-only API response,intact account execution association; mixed protocol custody,CONFIRMED,raw/hl_fills_0x68b3a77db46418905c7eaf63324d4adcce06a680.response.json,"API execution record, not independently reproduced HyperCore consensus inclusion. XMR1 is not proof of native Monero receipt. Gross bought amount before separately recorded XMR1 fee. No extra incident loss counted.",560.92,145.8392,XMR1,0.000182,567246779764,604760068790900,0xfcf0610bca09814ac970034607fc9289,F0194,spot execution account record
F0372,2026-10-07T02:14:15.568Z,Hyperliquid spot account ledger (first-party API),0x478083fc6695997c48fa044601e1dc0204dd00e20198b84eeb492f4f25997366,0x68b3a77db46418905c7eaf63324d4adcce06a680 spot USDC account,0x68b3a77db46418905c7eaf63324d4adcce06a680 spot XMR1 account,XMR1 (Hyperliquid token index 404),0.04,,spot buy fill,Hyperliquid spot market @260,NOT ESTABLISHED by read-only API response,intact account execution association; mixed protocol custody,CONFIRMED,raw/hl_fills_0x68b3a77db46418905c7eaf63324d4adcce06a680.response.json,"API execution record, not independently reproduced HyperCore consensus inclusion. XMR1 is not proof of native Monero receipt. Gross bought amount before separately recorded XMR1 fee. No extra incident loss counted.",561.54,22.4616,XMR1,0.000028,567246779764,612826888912698,0xfcf0610bca09814ac970034607fc9289,F0194,spot execution account record
F0373,2026-10-07T02:14:15.568Z,Hyperliquid spot account ledger (first-party API),0x478083fc6695997c48fa044601e1dc0204dd00e20198b84eeb492f4f25997366,0x68b3a77db46418905c7eaf63324d4adcce06a680 spot USDC account,0x68b3a77db46418905c7eaf63324d4adcce06a680 spot XMR1 account,XMR1 (Hyperliquid token index 404),0.17,,spot buy fill,Hyperliquid spot market @260,NOT ESTABLISHED by read-only API response,intact account execution association; mixed protocol custody,CONFIRMED,raw/hl_fills_0x68b3a77db46418905c7eaf63324d4adcce06a680.response.json,"API execution record, not independently reproduced HyperCore consensus inclusion. XMR1 is not proof of native Monero receipt. Gross bought amount before separately recorded XMR1 fee. No extra incident loss counted.",561.17,95.3989,XMR1,0.000119,567246779764,806102749760796,0xfcf0610bca09814ac970034607fc9289,F0194,spot execution account record
F0374,2026-10-07T02:14:15.568Z,Hyperliquid spot account ledger (first-party API),0x478083fc6695997c48fa044601e1dc0204dd00e20198b84eeb492f4f25997366,0x68b3a77db46418905c7eaf63324d4adcce06a680 spot USDC account,0x68b3a77db46418905c7eaf63324d4adcce06a680 spot XMR1 account,XMR1 (Hyperliquid token index 404),0.51,,spot buy fill,Hyperliquid spot market @260,NOT ESTABLISHED by read-only API response,intact account execution association; mixed protocol custody,CONFIRMED,raw/hl_fills_0x68b3a77db46418905c7eaf63324d4adcce06a680.response.json,"API execution record, not independently reproduced HyperCore consensus inclusion. XMR1 is not proof of native Monero receipt. Gross bought amount before separately recorded XMR1 fee. No extra incident loss counted.",561.37,286.2987,XMR1,0.000357,567246779764,915336699051297,0xfcf0610bca09814ac970034607fc9289,F0194,spot execution account record
F0375,2026-10-07T02:14:15.568Z,Hyperliquid spot account ledger (first-party API),0x478083fc6695997c48fa044601e1dc0204dd00e20198b84eeb492f4f25997366,0x68b3a77db46418905c7eaf63324d4adcce06a680 spot USDC account,0x68b3a77db46418905c7eaf63324d4adcce06a680 spot XMR1 account,XMR1 (Hyperliquid token index 404),0.14,,spot buy fill,Hyperliquid spot market @260,NOT ESTABLISHED by read-only API response,intact account execution association; mixed protocol custody,CONFIRMED,raw/hl_fills_0x68b3a77db46418905c7eaf63324d4adcce06a680.response.json,"API execution record, not independently reproduced HyperCore consensus inclusion. XMR1 is not proof of native Monero receipt. Gross bought amount before separately recorded XMR1 fee. No extra incident loss counted.",561.79,78.6506,XMR1,0.000098,567246779764,1053671003367489,0xfcf0610bca09814ac970034607fc9289,F0194,spot execution account record
F0376,2026-10-07T02:14:17.319Z,Hyperliquid spot account ledger (first-party API),0xf58dffe56876f8cff707044601e1f60206a900cb037a17a29956ab38277ad2ba,0x68b3a77db46418905c7eaf63324d4adcce06a680 spot USDC account,0x68b3a77db46418905c7eaf63324d4adcce06a680 spot XMR1 account,XMR1 (Hyperliquid token index 404),0.07,,spot buy fill,Hyperliquid spot market @260,NOT ESTABLISHED by read-only API response,intact account execution association; mixed protocol custody,CONFIRMED,raw/hl_fills_0x68b3a77db46418905c7eaf63324d4adcce06a680.response.json,"API execution record, not independently reproduced HyperCore consensus inclusion. XMR1 is not proof of native Monero receipt. Gross bought amount before separately recorded XMR1 fee. No extra incident loss counted.",560.13,39.2091,XMR1,0.000049,567246810510,1048634384225148,0xdfaf234922a0234f67fc76198ab2addb,F0194,spot execution account record
F0377,2026-10-07T02:18:24.478Z,Hyperliquid spot account ledger (first-party API),0x76ac63dfe289fd047826044601ef5e0208ea00c57d8d1bd61a750f32a18dd6ef,0xd9249de6224382ce7791600d1d1f9e5fdf633abb spot USDC account,0xd9249de6224382ce7791600d1d1f9e5fdf633abb spot XMR1 account,XMR1 (Hyperliquid token index 404),0.03,,spot buy fill,Hyperliquid spot market @260,NOT ESTABLISHED by read-only API response,intact account execution association; mixed protocol custody,CONFIRMED,raw/hl_fills_0xd9249de6224382ce7791600d1d1f9e5fdf633abb.response.json,"API execution record, not independently reproduced HyperCore consensus inclusion. XMR1 is not proof of native Monero receipt. Gross bought amount before separately recorded XMR1 fee. No extra incident loss counted.",561.06,16.8318,XMR1,0.000021,567251852316,20770709668565,0x6b99948ca18db458cc6459ccf27e5817,F0195,spot execution account record
F0378,2026-10-07T02:18:24.478Z,Hyperliquid spot account ledger (first-party API),0x76ac63dfe289fd047826044601ef5e0208ea00c57d8d1bd61a750f32a18dd6ef,0xd9249de6224382ce7791600d1d1f9e5fdf633abb spot USDC account,0xd9249de6224382ce7791600d1d1f9e5fdf633abb spot XMR1 account,XMR1 (Hyperliquid token index 404),0.17,,spot buy fill,Hyperliquid spot market @260,NOT ESTABLISHED by read-only API response,intact account execution association; mixed protocol custody,CONFIRMED,raw/hl_fills_0xd9249de6224382ce7791600d1d1f9e5fdf633abb.response.json,"API execution record, not independently reproduced HyperCore consensus inclusion. XMR1 is not proof of native Monero receipt. Gross bought amount before separately recorded XMR1 fee. No extra incident loss counted.",561.05,95.3785,XMR1,0.000119,567251852316,126885519835835,0x6b99948ca18db458cc6459ccf27e5817,F0195,spot execution account record
F0379,2026-10-07T02:18:24.478Z,Hyperliquid spot account ledger (first-party API),0x76ac63dfe289fd047826044601ef5e0208ea00c57d8d1bd61a750f32a18dd6ef,0xd9249de6224382ce7791600d1d1f9e5fdf633abb spot USDC account,0xd9249de6224382ce7791600d1d1f9e5fdf633abb spot XMR1 account,XMR1 (Hyperliquid token index 404),0.15,,spot buy fill,Hyperliquid spot market @260,NOT ESTABLISHED by read-only API response,intact account execution association; mixed protocol custody,CONFIRMED,raw/hl_fills_0xd9249de6224382ce7791600d1d1f9e5fdf633abb.response.json,"API execution record, not independently reproduced HyperCore consensus inclusion. XMR1 is not proof of native Monero receipt. Gross bought amount before separately recorded XMR1 fee. No extra incident loss counted.",563.52,84.5280,XMR1,0.000105,567251852316,159530518444694,0x6b99948ca18db458cc6459ccf27e5817,F0195,spot execution account record
F0380,2026-10-07T02:18:24.478Z,Hyperliquid spot account ledger (first-party API),0x76ac63dfe289fd047826044601ef5e0208ea00c57d8d1bd61a750f32a18dd6ef,0xd9249de6224382ce7791600d1d1f9e5fdf633abb spot USDC account,0xd9249de6224382ce7791600d1d1f9e5fdf633abb spot XMR1 account,XMR1 (Hyperliquid token index 404),0.1,,spot buy fill,Hyperliquid spot market @260,NOT ESTABLISHED by read-only API response,intact account execution association; mixed protocol custody,CONFIRMED,raw/hl_fills_0xd9249de6224382ce7791600d1d1f9e5fdf633abb.response.json,"API execution record, not independently reproduced HyperCore consensus inclusion. XMR1 is not proof of native Monero receipt. Gross bought amount before separately recorded XMR1 fee. No extra incident loss counted.",559.34,55.934,XMR1,0.00007,567251852316,265721442532969,0x6b99948ca18db458cc6459ccf27e5817,F0195,spot execution account record
F0381,2026-10-07T02:18:24.478Z,Hyperliquid spot account ledger (first-party API),0x76ac63dfe289fd047826044601ef5e0208ea00c57d8d1bd61a750f32a18dd6ef,0xd9249de6224382ce7791600d1d1f9e5fdf633abb spot USDC account,0xd9249de6224382ce7791600d1d1f9e5fdf633abb spot XMR1 account,XMR1 (Hyperliquid token index 404),0.04,,spot buy fill,Hyperliquid spot market @260,NOT ESTABLISHED by read-only API response,intact account execution association; mixed protocol custody,CONFIRMED,raw/hl_fills_0xd9249de6224382ce7791600d1d1f9e5fdf633abb.response.json,"API execution record, not independently reproduced HyperCore consensus inclusion. XMR1 is not proof of native Monero receipt. Gross bought amount before separately recorded XMR1 fee. No extra incident loss counted.",562.41,22.4964,XMR1,0.000028,567251852316,280384819650184,0x6b99948ca18db458cc6459ccf27e5817,F0195,spot execution account record
F0382,2026-10-07T02:18:24.478Z,Hyperliquid spot account ledger (first-party API),0x76ac63dfe289fd047826044601ef5e0208ea00c57d8d1bd61a750f32a18dd6ef,0xd9249de6224382ce7791600d1d1f9e5fdf633abb spot USDC account,0xd9249de6224382ce7791600d1d1f9e5fdf633abb spot XMR1 account,XMR1 (Hyperliquid token index 404),0.25,,spot buy fill,Hyperliquid spot market @260,NOT ESTABLISHED by read-only API response,intact account execution association; mixed protocol custody,CONFIRMED,raw/hl_fills_0xd9249de6224382ce7791600d1d1f9e5fdf633abb.response.json,"API execution record, not independently reproduced HyperCore consensus inclusion. XMR1 is not proof of native Monero receipt. Gross bought amount before separately recorded XMR1 fee. No extra incident loss counted.",563.66,140.9150,XMR1,0.000175,567251852316,374511630112756,0x6b99948ca18db458cc6459ccf27e5817,F0195,spot execution account record
F0383,2026-10-07T02:18:24.478Z,Hyperliquid spot account ledger (first-party API),0x76ac63dfe289fd047826044601ef5e0208ea00c57d8d1bd61a750f32a18dd6ef,0xd9249de6224382ce7791600d1d1f9e5fdf633abb spot USDC account,0xd9249de6224382ce7791600d1d1f9e5fdf633abb spot XMR1 account,XMR1 (Hyperliquid token index 404),0.28,,spot buy fill,Hyperliquid spot market @260,NOT ESTABLISHED by read-only API response,intact account execution association; mixed protocol custody,CONFIRMED,raw/hl_fills_0xd9249de6224382ce7791600d1d1f9e5fdf633abb.response.json,"API execution record, not independently reproduced HyperCore consensus inclusion. XMR1 is not proof of native Monero receipt. Gross bought amount before separately recorded XMR1 fee. No extra incident loss counted.",562.71,157.5588,XMR1,0.000196,567251852316,468204675512857,0x6b99948ca18db458cc6459ccf27e5817,F0195,spot execution account record
F0384,2026-10-07T02:18:24.478Z,Hyperliquid spot account ledger (first-party API),0x76ac63dfe289fd047826044601ef5e0208ea00c57d8d1bd61a750f32a18dd6ef,0xd9249de6224382ce7791600d1d1f9e5fdf633abb spot USDC account,0xd9249de6224382ce7791600d1d1f9e5fdf633abb spot XMR1 account,XMR1 (Hyperliquid token index 404),0.28,,spot buy fill,Hyperliquid spot market @260,NOT ESTABLISHED by read-only API response,intact account execution association; mixed protocol custody,CONFIRMED,raw/hl_fills_0xd9249de6224382ce7791600d1d1f9e5fdf633abb.response.json,"API execution record, not independently reproduced HyperCore consensus inclusion. XMR1 is not proof of native Monero receipt. Gross bought amount before separately recorded XMR1 fee. No extra incident loss counted.",561.48,157.2144,XMR1,0.000196,567251852316,552936658546324,0x6b99948ca18db458cc6459ccf27e5817,F0195,spot execution account record
F0385,2026-10-07T02:18:24.478Z,Hyperliquid spot account ledger (first-party API),0x76ac63dfe289fd047826044601ef5e0208ea00c57d8d1bd61a750f32a18dd6ef,0xd9249de6224382ce7791600d1d1f9e5fdf633abb spot USDC account,0xd9249de6224382ce7791600d1d1f9e5fdf633abb spot XMR1 account,XMR1 (Hyperliquid token index 404),0.27,,spot buy fill,Hyperliquid spot market @260,NOT ESTABLISHED by read-only API response,intact account execution association; mixed protocol custody,CONFIRMED,raw/hl_fills_0xd9249de6224382ce7791600d1d1f9e5fdf633abb.response.json,"API execution record, not independently reproduced HyperCore consensus inclusion. XMR1 is not proof of native Monero receipt. Gross bought amount before separately recorded XMR1 fee. No extra incident loss counted.",563.12,152.0424,XMR1,0.000189,567251852316,648899964146554,0x6b99948ca18db458cc6459ccf27e5817,F0195,spot execution account record
F0386,2026-10-07T02:18:24.478Z,Hyperliquid spot account ledger (first-party API),0x76ac63dfe289fd047826044601ef5e0208ea00c57d8d1bd61a750f32a18dd6ef,0xd9249de6224382ce7791600d1d1f9e5fdf633abb spot USDC account,0xd9249de6224382ce7791600d1d1f9e5fdf633abb spot XMR1 account,XMR1 (Hyperliquid token index 404),0.27,,spot buy fill,Hyperliquid spot market @260,NOT ESTABLISHED by read-only API response,intact account execution association; mixed protocol custody,CONFIRMED,raw/hl_fills_0xd9249de6224382ce7791600d1d1f9e5fdf633abb.response.json,"API execution record, not independently reproduced HyperCore consensus inclusion. XMR1 is not proof of native Monero receipt. Gross bought amount before separately recorded XMR1 fee. No extra incident loss counted.",562.02,151.7454,XMR1,0.000189,567251852316,752643865004851,0x6b99948ca18db458cc6459ccf27e5817,F0195,spot execution account record
F0387,2026-10-07T02:18:24.478Z,Hyperliquid spot account ledger (first-party API),0x76ac63dfe289fd047826044601ef5e0208ea00c57d8d1bd61a750f32a18dd6ef,0xd9249de6224382ce7791600d1d1f9e5fdf633abb spot USDC account,0xd9249de6224382ce7791600d1d1f9e5fdf633abb spot XMR1 account,XMR1 (Hyperliquid token index 404),0.24,,spot buy fill,Hyperliquid spot market @260,NOT ESTABLISHED by read-only API response,intact account execution association; mixed protocol custody,CONFIRMED,raw/hl_fills_0xd9249de6224382ce7791600d1d1f9e5fdf633abb.response.json,"API execution record, not independently reproduced HyperCore consensus inclusion. XMR1 is not proof of native Monero receipt. Gross bought amount before separately recorded XMR1 fee. No extra incident loss counted.",561.17,134.6808,XMR1,0.000168,567251852316,757075252655386,0x6b99948ca18db458cc6459ccf27e5817,F0195,spot execution account record
F0388,2026-10-07T02:18:27.742Z,Hyperliquid spot account ledger (first-party API),0xc03adadd5b96d32bc1b4044601ef8902058c00c2f699f1fd640386301a9aad16,0xd9249de6224382ce7791600d1d1f9e5fdf633abb spot USDC account,0xd9249de6224382ce7791600d1d1f9e5fdf633abb spot XMR1 account,XMR1 (Hyperliquid token index 404),0.27,,spot buy fill,Hyperliquid spot market @260,NOT ESTABLISHED by read-only API response,intact account execution association; mixed protocol custody,CONFIRMED,raw/hl_fills_0xd9249de6224382ce7791600d1d1f9e5fdf633abb.response.json,"API execution record, not independently reproduced HyperCore consensus inclusion. XMR1 is not proof of native Monero receipt. Gross bought amount before separately recorded XMR1 fee. No extra incident loss counted.",563.3,152.091,XMR1,0.000189,567251953698,83652030182028,0x742c6e836a82f842b4be6a29c87c563e,F0195,spot execution account record
F0389,2026-10-07T02:18:27.742Z,Hyperliquid spot account ledger (first-party API),0xc03adadd5b96d32bc1b4044601ef8902058c00c2f699f1fd640386301a9aad16,0xd9249de6224382ce7791600d1d1f9e5fdf633abb spot USDC account,0xd9249de6224382ce7791600d1d1f9e5fdf633abb spot XMR1 account,XMR1 (Hyperliquid token index 404),0.27,,spot buy fill,Hyperliquid spot market @260,NOT ESTABLISHED by read-only API response,intact account execution association; mixed protocol custody,CONFIRMED,raw/hl_fills_0xd9249de6224382ce7791600d1d1f9e5fdf633abb.response.json,"API execution record, not independently reproduced HyperCore consensus inclusion. XMR1 is not proof of native Monero receipt. Gross bought amount before separately recorded XMR1 fee. No extra incident loss counted.",562.88,151.9776,XMR1,0.000189,567251953698,117714077351392,0x742c6e836a82f842b4be6a29c87c563e,F0195,spot execution account record
F0390,2026-10-07T02:18:27.742Z,Hyperliquid spot account ledger (first-party API),0xc03adadd5b96d32bc1b4044601ef8902058c00c2f699f1fd640386301a9aad16,0xd9249de6224382ce7791600d1d1f9e5fdf633abb spot USDC account,0xd9249de6224382ce7791600d1d1f9e5fdf633abb spot XMR1 account,XMR1 (Hyperliquid token index 404),0.88,,spot buy fill,Hyperliquid spot market @260,NOT ESTABLISHED by read-only API response,intact account execution association; mixed protocol custody,CONFIRMED,raw/hl_fills_0xd9249de6224382ce7791600d1d1f9e5fdf633abb.response.json,"API execution record, not independently reproduced HyperCore consensus inclusion. XMR1 is not proof of native Monero receipt. Gross bought amount before separately recorded XMR1 fee. No extra incident loss counted.",565.14,497.3232,XMR1,0.000616,567251953698,140147738252963,0x742c6e836a82f842b4be6a29c87c563e,F0195,spot execution account record
F0391,2026-10-07T02:18:27.742Z,Hyperliquid spot account ledger (first-party API),0xc03adadd5b96d32bc1b4044601ef8902058c00c2f699f1fd640386301a9aad16,0xd9249de6224382ce7791600d1d1f9e5fdf633abb spot USDC account,0xd9249de6224382ce7791600d1d1f9e5fdf633abb spot XMR1 account,XMR1 (Hyperliquid token index 404),0.27,,spot buy fill,Hyperliquid spot market @260,NOT ESTABLISHED by read-only API response,intact account execution association; mixed protocol custody,CONFIRMED,raw/hl_fills_0xd9249de6224382ce7791600d1d1f9e5fdf633abb.response.json,"API execution record, not independently reproduced HyperCore consensus inclusion. XMR1 is not proof of native Monero receipt. Gross bought amount before separately recorded XMR1 fee. No extra incident loss counted.",565.83,152.7741,XMR1,0.000189,567251953698,159235354483926,0x742c6e836a82f842b4be6a29c87c563e,F0195,spot execution account record
F0392,2026-10-07T02:18:27.742Z,Hyperliquid spot account ledger (first-party API),0xc03adadd5b96d32bc1b4044601ef8902058c00c2f699f1fd640386301a9aad16,0xd9249de6224382ce7791600d1d1f9e5fdf633abb spot USDC account,0xd9249de6224382ce7791600d1d1f9e5fdf633abb spot XMR1 account,XMR1 (Hyperliquid token index 404),0.87,,spot buy fill,Hyperliquid spot market @260,NOT ESTABLISHED by read-only API response,intact account execution association; mixed protocol custody,CONFIRMED,raw/hl_fills_0xd9249de6224382ce7791600d1d1f9e5fdf633abb.response.json,"API execution record, not independently reproduced HyperCore consensus inclusion. XMR1 is not proof of native Monero receipt. Gross bought amount before separately recorded XMR1 fee. No extra incident loss counted.",565.99,492.4113,XMR1,0.000609,567251953698,163383012182242,0x742c6e836a82f842b4be6a29c87c563e,F0195,spot execution account record
F0393,2026-10-07T02:18:27.742Z,Hyperliquid spot account ledger (first-party API),0xc03adadd5b96d32bc1b4044601ef8902058c00c2f699f1fd640386301a9aad16,0xd9249de6224382ce7791600d1d1f9e5fdf633abb spot USDC account,0xd9249de6224382ce7791600d1d1f9e5fdf633abb spot XMR1 account,XMR1 (Hyperliquid token index 404),0.27,,spot buy fill,Hyperliquid spot market @260,NOT ESTABLISHED by read-only API response,intact account execution association; mixed protocol custody,CONFIRMED,raw/hl_fills_0xd9249de6224382ce7791600d1d1f9e5fdf633abb.response.json,"API execution record, not independently reproduced HyperCore consensus inclusion. XMR1 is not proof of native Monero receipt. Gross bought amount before separately recorded XMR1 fee. No extra incident loss counted.",562.46,151.8642,XMR1,0.000189,567251953698,181828722009648,0x742c6e836a82f842b4be6a29c87c563e,F0195,spot execution account record
F0394,2026-10-07T02:18:27.742Z,Hyperliquid spot account ledger (first-party API),0xc03adadd5b96d32bc1b4044601ef8902058c00c2f699f1fd640386301a9aad16,0xd9249de6224382ce7791600d1d1f9e5fdf633abb spot USDC account,0xd9249de6224382ce7791600d1d1f9e5fdf633abb spot XMR1 account,XMR1 (Hyperliquid token index 404),0.23,,spot buy fill,Hyperliquid spot market @260,NOT ESTABLISHED by read-only API response,intact account execution association; mixed protocol custody,CONFIRMED,raw/hl_fills_0xd9249de6224382ce7791600d1d1f9e5fdf633abb.response.json,"API execution record, not independently reproduced HyperCore consensus inclusion. XMR1 is not proof of native Monero receipt. Gross bought amount before separately recorded XMR1 fee. No extra incident loss counted.",564.11,129.7453,XMR1,0.000161,567251953698,333392803730411,0x742c6e836a82f842b4be6a29c87c563e,F0195,spot execution account record
F0395,2026-10-07T02:18:27.742Z,Hyperliquid spot account ledger (first-party API),0xc03adadd5b96d32bc1b4044601ef8902058c00c2f699f1fd640386301a9aad16,0xd9249de6224382ce7791600d1d1f9e5fdf633abb spot USDC account,0xd9249de6224382ce7791600d1d1f9e5fdf633abb spot XMR1 account,XMR1 (Hyperliquid token index 404),0.88,,spot buy fill,Hyperliquid spot market @260,NOT ESTABLISHED by read-only API response,intact account execution association; mixed protocol custody,CONFIRMED,raw/hl_fills_0xd9249de6224382ce7791600d1d1f9e5fdf633abb.response.json,"API execution record, not independently reproduced HyperCore consensus inclusion. XMR1 is not proof of native Monero receipt. Gross bought amount before separately recorded XMR1 fee. No extra incident loss counted.",565.48,497.6224,XMR1,0.000616,567251953698,334128888058243,0x742c6e836a82f842b4be6a29c87c563e,F0195,spot execution account record
F0396,2026-10-07T02:18:27.742Z,Hyperliquid spot account ledger (first-party API),0xc03adadd5b96d32bc1b4044601ef8902058c00c2f699f1fd640386301a9aad16,0xd9249de6224382ce7791600d1d1f9e5fdf633abb spot USDC account,0xd9249de6224382ce7791600d1d1f9e5fdf633abb spot XMR1 account,XMR1 (Hyperliquid token index 404),0.88,,spot buy fill,Hyperliquid spot market @260,NOT ESTABLISHED by read-only API response,intact account execution association; mixed protocol custody,CONFIRMED,raw/hl_fills_0xd9249de6224382ce7791600d1d1f9e5fdf633abb.response.json,"API execution record, not independently reproduced HyperCore consensus inclusion. XMR1 is not proof of native Monero receipt. Gross bought amount before separately recorded XMR1 fee. No extra incident loss counted.",565.56,497.6928,XMR1,0.000616,567251953698,356654046094952,0x742c6e836a82f842b4be6a29c87c563e,F0195,spot execution account record
F0397,2026-10-07T02:18:27.742Z,Hyperliquid spot account ledger (first-party API),0xc03adadd5b96d32bc1b4044601ef8902058c00c2f699f1fd640386301a9aad16,0xd9249de6224382ce7791600d1d1f9e5fdf633abb spot USDC account,0xd9249de6224382ce7791600d1d1f9e5fdf633abb spot XMR1 account,XMR1 (Hyperliquid token index 404),0.88,,spot buy fill,Hyperliquid spot market @260,NOT ESTABLISHED by read-only API response,intact account execution association; mixed protocol custody,CONFIRMED,raw/hl_fills_0xd9249de6224382ce7791600d1d1f9e5fdf633abb.response.json,"API execution record, not independently reproduced HyperCore consensus inclusion. XMR1 is not proof of native Monero receipt. Gross bought amount before separately recorded XMR1 fee. No extra incident loss counted.",565.47,497.6136,XMR1,0.000616,567251953698,393669789623762,0x742c6e836a82f842b4be6a29c87c563e,F0195,spot execution account record
F0398,2026-10-07T02:18:27.742Z,Hyperliquid spot account ledger (first-party API),0xc03adadd5b96d32bc1b4044601ef8902058c00c2f699f1fd640386301a9aad16,0xd9249de6224382ce7791600d1d1f9e5fdf633abb spot USDC account,0xd9249de6224382ce7791600d1d1f9e5fdf633abb spot XMR1 account,XMR1 (Hyperliquid token index 404),0.07,,spot buy fill,Hyperliquid spot market @260,NOT ESTABLISHED by read-only API response,intact account execution association; mixed protocol custody,CONFIRMED,raw/hl_fills_0xd9249de6224382ce7791600d1d1f9e5fdf633abb.response.json,"API execution record, not independently reproduced HyperCore consensus inclusion. XMR1 is not proof of native Monero receipt. Gross bought amount before separately recorded XMR1 fee. No extra incident loss counted.",564.49,39.5143,XMR1,0.000049,567251953698,410123618660824,0x742c6e836a82f842b4be6a29c87c563e,F0195,spot execution account record
F0399,2026-10-07T02:18:27.742Z,Hyperliquid spot account ledger (first-party API),0xc03adadd5b96d32bc1b4044601ef8902058c00c2f699f1fd640386301a9aad16,0xd9249de6224382ce7791600d1d1f9e5fdf633abb spot USDC account,0xd9249de6224382ce7791600d1d1f9e5fdf633abb spot XMR1 account,XMR1 (Hyperliquid token index 404),0.04,,spot buy fill,Hyperliquid spot market @260,NOT ESTABLISHED by read-only API response,intact account execution association; mixed protocol custody,CONFIRMED,raw/hl_fills_0xd9249de6224382ce7791600d1d1f9e5fdf633abb.response.json,"API execution record, not independently reproduced HyperCore consensus inclusion. XMR1 is not proof of native Monero receipt. Gross bought amount before separately recorded XMR1 fee. No extra incident loss counted.",565.0,22.600,XMR1,0.000028,567251953698,459265964764719,0x742c6e836a82f842b4be6a29c87c563e,F0195,spot execution account record
F0400,2026-10-07T02:18:27.742Z,Hyperliquid spot account ledger (first-party API),0xc03adadd5b96d32bc1b4044601ef8902058c00c2f699f1fd640386301a9aad16,0xd9249de6224382ce7791600d1d1f9e5fdf633abb spot USDC account,0xd9249de6224382ce7791600d1d1f9e5fdf633abb spot XMR1 account,XMR1 (Hyperliquid token index 404),0.27,,spot buy fill,Hyperliquid spot market @260,NOT ESTABLISHED by read-only API response,intact account execution association; mixed protocol custody,CONFIRMED,raw/hl_fills_0xd9249de6224382ce7791600d1d1f9e5fdf633abb.response.json,"API execution record, not independently reproduced HyperCore consensus inclusion. XMR1 is not proof of native Monero receipt. Gross bought amount before separately recorded XMR1 fee. No extra incident loss counted.",563.72,152.2044,XMR1,0.000189,567251953698,466039750495256,0x742c6e836a82f842b4be6a29c87c563e,F0195,spot execution account record
F0401,2026-10-07T02:18:27.742Z,Hyperliquid spot account ledger (first-party API),0xc03adadd5b96d32bc1b4044601ef8902058c00c2f699f1fd640386301a9aad16,0xd9249de6224382ce7791600d1d1f9e5fdf633abb spot USDC account,0xd9249de6224382ce7791600d1d1f9e5fdf633abb spot XMR1 account,XMR1 (Hyperliquid token index 404),0.26,,spot buy fill,Hyperliquid spot market @260,NOT ESTABLISHED by read-only API response,intact account execution association; mixed protocol custody,CONFIRMED,raw/hl_fills_0xd9249de6224382ce7791600d1d1f9e5fdf633abb.response.json,"API execution record, not independently reproduced HyperCore consensus inclusion. XMR1 is not proof of native Monero receipt. Gross bought amount before separately recorded XMR1 fee. No extra incident loss counted.",564.57,146.7882,XMR1,0.000182,567251953698,483692131359137,0x742c6e836a82f842b4be6a29c87c563e,F0195,spot execution account record
F0402,2026-10-07T02:18:27.742Z,Hyperliquid spot account ledger (first-party API),0xc03adadd5b96d32bc1b4044601ef8902058c00c2f699f1fd640386301a9aad16,0xd9249de6224382ce7791600d1d1f9e5fdf633abb spot USDC account,0xd9249de6224382ce7791600d1d1f9e5fdf633abb spot XMR1 account,XMR1 (Hyperliquid token index 404),0.88,,spot buy fill,Hyperliquid spot market @260,NOT ESTABLISHED by read-only API response,intact account execution association; mixed protocol custody,CONFIRMED,raw/hl_fills_0xd9249de6224382ce7791600d1d1f9e5fdf633abb.response.json,"API execution record, not independently reproduced HyperCore consensus inclusion. XMR1 is not proof of native Monero receipt. Gross bought amount before separately recorded XMR1 fee. No extra incident loss counted.",565.98,498.0624,XMR1,0.000616,567251953698,532799948293797,0x742c6e836a82f842b4be6a29c87c563e,F0195,spot execution account record
F0403,2026-10-07T02:18:27.742Z,Hyperliquid spot account ledger (first-party API),0xc03adadd5b96d32bc1b4044601ef8902058c00c2f699f1fd640386301a9aad16,0xd9249de6224382ce7791600d1d1f9e5fdf633abb spot USDC account,0xd9249de6224382ce7791600d1d1f9e5fdf633abb spot XMR1 account,XMR1 (Hyperliquid token index 404),0.88,,spot buy fill,Hyperliquid spot market @260,NOT ESTABLISHED by read-only API response,intact account execution association; mixed protocol custody,CONFIRMED,raw/hl_fills_0xd9249de6224382ce7791600d1d1f9e5fdf633abb.response.json,"API execution record, not independently reproduced HyperCore consensus inclusion. XMR1 is not proof of native Monero receipt. Gross bought amount before separately recorded XMR1 fee. No extra incident loss counted.",566.41,498.4408,XMR1,0.000616,567251953698,649220242564649,0x742c6e836a82f842b4be6a29c87c563e,F0195,spot execution account record
F0404,2026-10-07T02:18:27.742Z,Hyperliquid spot account ledger (first-party API),0xc03adadd5b96d32bc1b4044601ef8902058c00c2f699f1fd640386301a9aad16,0xd9249de6224382ce7791600d1d1f9e5fdf633abb spot USDC account,0xd9249de6224382ce7791600d1d1f9e5fdf633abb spot XMR1 account,XMR1 (Hyperliquid token index 404),0.27,,spot buy fill,Hyperliquid spot market @260,NOT ESTABLISHED by read-only API response,intact account execution association; mixed protocol custody,CONFIRMED,raw/hl_fills_0xd9249de6224382ce7791600d1d1f9e5fdf633abb.response.json,"API execution record, not independently reproduced HyperCore consensus inclusion. XMR1 is not proof of native Monero receipt. Gross bought amount before separately recorded XMR1 fee. No extra incident loss counted.",565.4,152.658,XMR1,0.000189,567251953698,721379553180621,0x742c6e836a82f842b4be6a29c87c563e,F0195,spot execution account record
F0405,2026-10-07T02:18:27.742Z,Hyperliquid spot account ledger (first-party API),0xc03adadd5b96d32bc1b4044601ef8902058c00c2f699f1fd640386301a9aad16,0xd9249de6224382ce7791600d1d1f9e5fdf633abb spot USDC account,0xd9249de6224382ce7791600d1d1f9e5fdf633abb spot XMR1 account,XMR1 (Hyperliquid token index 404),0.21,,spot buy fill,Hyperliquid spot market @260,NOT ESTABLISHED by read-only API response,intact account execution association; mixed protocol custody,CONFIRMED,raw/hl_fills_0xd9249de6224382ce7791600d1d1f9e5fdf633abb.response.json,"API execution record, not independently reproduced HyperCore consensus inclusion. XMR1 is not proof of native Monero receipt. Gross bought amount before separately recorded XMR1 fee. No extra incident loss counted.",564.15,118.4715,XMR1,0.000147,567251953698,807991078086384,0x742c6e836a82f842b4be6a29c87c563e,F0195,spot execution account record
F0406,2026-10-07T02:18:27.742Z,Hyperliquid spot account ledger (first-party API),0xc03adadd5b96d32bc1b4044601ef8902058c00c2f699f1fd640386301a9aad16,0xd9249de6224382ce7791600d1d1f9e5fdf633abb spot USDC account,0xd9249de6224382ce7791600d1d1f9e5fdf633abb spot XMR1 account,XMR1 (Hyperliquid token index 404),0.87,,spot buy fill,Hyperliquid spot market @260,NOT ESTABLISHED by read-only API response,intact account execution association; mixed protocol custody,CONFIRMED,raw/hl_fills_0xd9249de6224382ce7791600d1d1f9e5fdf633abb.response.json,"API execution record, not independently reproduced HyperCore consensus inclusion. XMR1 is not proof of native Monero receipt. Gross bought amount before separately recorded XMR1 fee. No extra incident loss counted.",565.85,492.2895,XMR1,0.000609,567251953698,860872354519544,0x742c6e836a82f842b4be6a29c87c563e,F0195,spot execution account record
F0407,2026-10-07T02:18:27.742Z,Hyperliquid spot account ledger (first-party API),0xc03adadd5b96d32bc1b4044601ef8902058c00c2f699f1fd640386301a9aad16,0xd9249de6224382ce7791600d1d1f9e5fdf633abb spot USDC account,0xd9249de6224382ce7791600d1d1f9e5fdf633abb spot XMR1 account,XMR1 (Hyperliquid token index 404),0.88,,spot buy fill,Hyperliquid spot market @260,NOT ESTABLISHED by read-only API response,intact account execution association; mixed protocol custody,CONFIRMED,raw/hl_fills_0xd9249de6224382ce7791600d1d1f9e5fdf633abb.response.json,"API execution record, not independently reproduced HyperCore consensus inclusion. XMR1 is not proof of native Monero receipt. Gross bought amount before separately recorded XMR1 fee. No extra incident loss counted.",565.01,497.2088,XMR1,0.000616,567251953698,927419731695791,0x742c6e836a82f842b4be6a29c87c563e,F0195,spot execution account record
F0408,2026-10-07T02:18:30.954Z,Hyperliquid spot account ledger (first-party API),0xa4d0696fca87c7c9a64a044601efb402033c0055658ae69b489914c2898ba1b4,0xd9249de6224382ce7791600d1d1f9e5fdf633abb spot USDC account,0xd9249de6224382ce7791600d1d1f9e5fdf633abb spot XMR1 account,XMR1 (Hyperliquid token index 404),0.27,,spot buy fill,Hyperliquid spot market @260,NOT ESTABLISHED by read-only API response,intact account execution association; mixed protocol custody,CONFIRMED,raw/hl_fills_0xd9249de6224382ce7791600d1d1f9e5fdf633abb.response.json,"API execution record, not independently reproduced HyperCore consensus inclusion. XMR1 is not proof of native Monero receipt. Gross bought amount before separately recorded XMR1 fee. No extra incident loss counted.",564.26,152.3502,XMR1,0.000189,567252021378,906779289745856,0x999e78b515d57fc3d90486474ad97801,F0195,spot execution account record
F0409,2026-10-07T02:18:30.954Z,Hyperliquid spot account ledger (first-party API),0xa4d0696fca87c7c9a64a044601efb402033c0055658ae69b489914c2898ba1b4,0xd9249de6224382ce7791600d1d1f9e5fdf633abb spot USDC account,0xd9249de6224382ce7791600d1d1f9e5fdf633abb spot XMR1 account,XMR1 (Hyperliquid token index 404),0.88,,spot buy fill,Hyperliquid spot market @260,NOT ESTABLISHED by read-only API response,intact account execution association; mixed protocol custody,CONFIRMED,raw/hl_fills_0xd9249de6224382ce7791600d1d1f9e5fdf633abb.response.json,"API execution record, not independently reproduced HyperCore consensus inclusion. XMR1 is not proof of native Monero receipt. Gross bought amount before separately recorded XMR1 fee. No extra incident loss counted.",566.96,498.9248,XMR1,0.000616,567252021378,963369300369775,0x999e78b515d57fc3d90486474ad97801,F0195,spot execution account record
F0410,2026-10-07T02:18:34.177Z,Hyperliquid spot account ledger (first-party API),0x9ca7a76b244e44809e21044601efe4020a480050bf416352407052bde3421e6b,0xd9249de6224382ce7791600d1d1f9e5fdf633abb spot USDC account,0xd9249de6224382ce7791600d1d1f9e5fdf633abb spot XMR1 account,XMR1 (Hyperliquid token index 404),70.37,,spot buy fill,Hyperliquid spot market @260,NOT ESTABLISHED by read-only API response,intact account execution association; mixed protocol custody,CONFIRMED,raw/hl_fills_0xd9249de6224382ce7791600d1d1f9e5fdf633abb.response.json,"API execution record, not independently reproduced HyperCore consensus inclusion. XMR1 is not proof of native Monero receipt. Gross bought amount before separately recorded XMR1 fee. No extra incident loss counted.",569.57,40080.6409,XMR1,0.049259,567252081382,18979742350996,0x7c19ed04c7bfd519790386bdbf6ca3fd,F0195,spot execution account record
F0411,2026-10-07T02:18:34.177Z,Hyperliquid spot account ledger (first-party API),0x9ca7a76b244e44809e21044601efe4020a480050bf416352407052bde3421e6b,0xd9249de6224382ce7791600d1d1f9e5fdf633abb spot USDC account,0xd9249de6224382ce7791600d1d1f9e5fdf633abb spot XMR1 account,XMR1 (Hyperliquid token index 404),0.03,,spot buy fill,Hyperliquid spot market @260,NOT ESTABLISHED by read-only API response,intact account execution association; mixed protocol custody,CONFIRMED,raw/hl_fills_0xd9249de6224382ce7791600d1d1f9e5fdf633abb.response.json,"API execution record, not independently reproduced HyperCore consensus inclusion. XMR1 is not proof of native Monero receipt. Gross bought amount before separately recorded XMR1 fee. No extra incident loss counted.",569.0,17.070,XMR1,0.000021,567252081382,359457226903179,0x7c19ed04c7bfd519790386bdbf6ca3fd,F0195,spot execution account record
F0412,2026-10-07T02:18:34.177Z,Hyperliquid spot account ledger (first-party API),0x9ca7a76b244e44809e21044601efe4020a480050bf416352407052bde3421e6b,0xd9249de6224382ce7791600d1d1f9e5fdf633abb spot USDC account,0xd9249de6224382ce7791600d1d1f9e5fdf633abb spot XMR1 account,XMR1 (Hyperliquid token index 404),64.06,,spot buy fill,Hyperliquid spot market @260,NOT ESTABLISHED by read-only API response,intact account execution association; mixed protocol custody,CONFIRMED,raw/hl_fills_0xd9249de6224382ce7791600d1d1f9e5fdf633abb.response.json,"API execution record, not independently reproduced HyperCore consensus inclusion. XMR1 is not proof of native Monero receipt. Gross bought amount before separately recorded XMR1 fee. No extra incident loss counted.",569.85,36504.5910,XMR1,0.044842,567252081382,746232084450768,0x7c19ed04c7bfd519790386bdbf6ca3fd,F0195,spot execution account record
F0413,2026-10-07T02:18:34.177Z,Hyperliquid spot account ledger (first-party API),0x9ca7a76b244e44809e21044601efe4020a480050bf416352407052bde3421e6b,0xd9249de6224382ce7791600d1d1f9e5fdf633abb spot USDC account,0xd9249de6224382ce7791600d1d1f9e5fdf633abb spot XMR1 account,XMR1 (Hyperliquid token index 404),0.36,,spot buy fill,Hyperliquid spot market @260,NOT ESTABLISHED by read-only API response,intact account execution association; mixed protocol custody,CONFIRMED,raw/hl_fills_0xd9249de6224382ce7791600d1d1f9e5fdf633abb.response.json,"API execution record, not independently reproduced HyperCore consensus inclusion. XMR1 is not proof of native Monero receipt. Gross bought amount before separately recorded XMR1 fee. No extra incident loss counted.",568.94,204.8184,XMR1,0.000252,567252081382,936667065236112,0x7c19ed04c7bfd519790386bdbf6ca3fd,F0195,spot execution account record
F0414,2026-10-07T02:18:35.836Z,Hyperliquid spot account ledger (first-party API),0x4bba8fe251f3ef6e4d34044601effe0204d900c7ecf70e40ef833b3510f7c958,0xd9249de6224382ce7791600d1d1f9e5fdf633abb spot USDC account,0xd9249de6224382ce7791600d1d1f9e5fdf633abb spot XMR1 account,XMR1 (Hyperliquid token index 404),0.87,,spot buy fill,Hyperliquid spot market @260,NOT ESTABLISHED by read-only API response,intact account execution association; mixed protocol custody,CONFIRMED,raw/hl_fills_0xd9249de6224382ce7791600d1d1f9e5fdf633abb.response.json,"API execution record, not independently reproduced HyperCore consensus inclusion. XMR1 is not proof of native Monero receipt. Gross bought amount before separately recorded XMR1 fee. No extra incident loss counted.",567.03,493.3161,XMR1,0.000609,567252112783,176107415825973,0x7d48eb059168c18463d0afa2592895ba,F0195,spot execution account record
F0415,2026-10-07T02:18:35.836Z,Hyperliquid spot account ledger (first-party API),0x4bba8fe251f3ef6e4d34044601effe0204d900c7ecf70e40ef833b3510f7c958,0xd9249de6224382ce7791600d1d1f9e5fdf633abb spot USDC account,0xd9249de6224382ce7791600d1d1f9e5fdf633abb spot XMR1 account,XMR1 (Hyperliquid token index 404),0.27,,spot buy fill,Hyperliquid spot market @260,NOT ESTABLISHED by read-only API response,intact account execution association; mixed protocol custody,CONFIRMED,raw/hl_fills_0xd9249de6224382ce7791600d1d1f9e5fdf633abb.response.json,"API execution record, not independently reproduced HyperCore consensus inclusion. XMR1 is not proof of native Monero receipt. Gross bought amount before separately recorded XMR1 fee. No extra incident loss counted.",569.39,153.7353,XMR1,0.000189,567252112783,409099277980359,0x7d48eb059168c18463d0afa2592895ba,F0195,spot execution account record
F0416,2026-10-07T02:18:35.836Z,Hyperliquid spot account ledger (first-party API),0x4bba8fe251f3ef6e4d34044601effe0204d900c7ecf70e40ef833b3510f7c958,0xd9249de6224382ce7791600d1d1f9e5fdf633abb spot USDC account,0xd9249de6224382ce7791600d1d1f9e5fdf633abb spot XMR1 account,XMR1 (Hyperliquid token index 404),7.62,,spot buy fill,Hyperliquid spot market @260,NOT ESTABLISHED by read-only API response,intact account execution association; mixed protocol custody,CONFIRMED,raw/hl_fills_0xd9249de6224382ce7791600d1d1f9e5fdf633abb.response.json,"API execution record, not independently reproduced HyperCore consensus inclusion. XMR1 is not proof of native Monero receipt. Gross bought amount before separately recorded XMR1 fee. No extra incident loss counted.",569.85,4342.2570,XMR1,0.005334,567252112783,524334345108179,0x7d48eb059168c18463d0afa2592895ba,F0195,spot execution account record
F0417,2026-10-07T02:18:35.836Z,Hyperliquid spot account ledger (first-party API),0x4bba8fe251f3ef6e4d34044601effe0204d900c7ecf70e40ef833b3510f7c958,0xd9249de6224382ce7791600d1d1f9e5fdf633abb spot USDC account,0xd9249de6224382ce7791600d1d1f9e5fdf633abb spot XMR1 account,XMR1 (Hyperliquid token index 404),0.27,,spot buy fill,Hyperliquid spot market @260,NOT ESTABLISHED by read-only API response,intact account execution association; mixed protocol custody,CONFIRMED,raw/hl_fills_0xd9249de6224382ce7791600d1d1f9e5fdf633abb.response.json,"API execution record, not independently reproduced HyperCore consensus inclusion. XMR1 is not proof of native Monero receipt. Gross bought amount before separately recorded XMR1 fee. No extra incident loss counted.",568.94,153.6138,XMR1,0.000189,567252112783,622665800794491,0x7d48eb059168c18463d0afa2592895ba,F0195,spot execution account record
F0418,2026-10-07T02:18:35.836Z,Hyperliquid spot account ledger (first-party API),0x4bba8fe251f3ef6e4d34044601effe0204d900c7ecf70e40ef833b3510f7c958,0xd9249de6224382ce7791600d1d1f9e5fdf633abb spot USDC account,0xd9249de6224382ce7791600d1d1f9e5fdf633abb spot XMR1 account,XMR1 (Hyperliquid token index 404),0.27,,spot buy fill,Hyperliquid spot market @260,NOT ESTABLISHED by read-only API response,intact account execution association; mixed protocol custody,CONFIRMED,raw/hl_fills_0xd9249de6224382ce7791600d1d1f9e5fdf633abb.response.json,"API execution record, not independently reproduced HyperCore consensus inclusion. XMR1 is not proof of native Monero receipt. Gross bought amount before separately recorded XMR1 fee. No extra incident loss counted.",567.37,153.1899,XMR1,0.000189,567252112783,640347413699405,0x7d48eb059168c18463d0afa2592895ba,F0195,spot execution account record
F0419,2026-10-07T02:18:35.836Z,Hyperliquid spot account ledger (first-party API),0x4bba8fe251f3ef6e4d34044601effe0204d900c7ecf70e40ef833b3510f7c958,0xd9249de6224382ce7791600d1d1f9e5fdf633abb spot USDC account,0xd9249de6224382ce7791600d1d1f9e5fdf633abb spot XMR1 account,XMR1 (Hyperliquid token index 404),0.27,,spot buy fill,Hyperliquid spot market @260,NOT ESTABLISHED by read-only API response,intact account execution association; mixed protocol custody,CONFIRMED,raw/hl_fills_0xd9249de6224382ce7791600d1d1f9e5fdf633abb.response.json,"API execution record, not independently reproduced HyperCore consensus inclusion. XMR1 is not proof of native Monero receipt. Gross bought amount before separately recorded XMR1 fee. No extra incident loss counted.",567.84,153.3168,XMR1,0.000189,567252112783,695278455838215,0x7d48eb059168c18463d0afa2592895ba,F0195,spot execution account record
F0420,2026-10-07T02:18:35.836Z,Hyperliquid spot account ledger (first-party API),0x4bba8fe251f3ef6e4d34044601effe0204d900c7ecf70e40ef833b3510f7c958,0xd9249de6224382ce7791600d1d1f9e5fdf633abb spot USDC account,0xd9249de6224382ce7791600d1d1f9e5fdf633abb spot XMR1 account,XMR1 (Hyperliquid token index 404),0.87,,spot buy fill,Hyperliquid spot market @260,NOT ESTABLISHED by read-only API response,intact account execution association; mixed protocol custody,CONFIRMED,raw/hl_fills_0xd9249de6224382ce7791600d1d1f9e5fdf633abb.response.json,"API execution record, not independently reproduced HyperCore consensus inclusion. XMR1 is not proof of native Monero receipt. Gross bought amount before separately recorded XMR1 fee. No extra incident loss counted.",567.03,493.3161,XMR1,0.000609,567252112783,761799841400567,0x7d48eb059168c18463d0afa2592895ba,F0195,spot execution account record
F0421,2026-10-07T02:18:35.836Z,Hyperliquid spot account ledger (first-party API),0x4bba8fe251f3ef6e4d34044601effe0204d900c7ecf70e40ef833b3510f7c958,0xd9249de6224382ce7791600d1d1f9e5fdf633abb spot USDC account,0xd9249de6224382ce7791600d1d1f9e5fdf633abb spot XMR1 account,XMR1 (Hyperliquid token index 404),0.27,,spot buy fill,Hyperliquid spot market @260,NOT ESTABLISHED by read-only API response,intact account execution association; mixed protocol custody,CONFIRMED,raw/hl_fills_0xd9249de6224382ce7791600d1d1f9e5fdf633abb.response.json,"API execution record, not independently reproduced HyperCore consensus inclusion. XMR1 is not proof of native Monero receipt. Gross bought amount before separately recorded XMR1 fee. No extra incident loss counted.",568.49,153.4923,XMR1,0.000189,567252112783,964740712004955,0x7d48eb059168c18463d0afa2592895ba,F0195,spot execution account record
F0422,2026-10-07T02:18:35.836Z,Hyperliquid spot account ledger (first-party API),0x4bba8fe251f3ef6e4d34044601effe0204d900c7ecf70e40ef833b3510f7c958,0xd9249de6224382ce7791600d1d1f9e5fdf633abb spot USDC account,0xd9249de6224382ce7791600d1d1f9e5fdf633abb spot XMR1 account,XMR1 (Hyperliquid token index 404),0.87,,spot buy fill,Hyperliquid spot market @260,NOT ESTABLISHED by read-only API response,intact account execution association; mixed protocol custody,CONFIRMED,raw/hl_fills_0xd9249de6224382ce7791600d1d1f9e5fdf633abb.response.json,"API execution record, not independently reproduced HyperCore consensus inclusion. XMR1 is not proof of native Monero receipt. Gross bought amount before separately recorded XMR1 fee. No extra incident loss counted.",566.78,493.0986,XMR1,0.000609,567252112783,980219125273870,0x7d48eb059168c18463d0afa2592895ba,F0195,spot execution account record
F0423,2026-10-07T02:18:35.836Z,Hyperliquid spot account ledger (first-party API),0x4bba8fe251f3ef6e4d34044601effe0204d900c7ecf70e40ef833b3510f7c958,0xd9249de6224382ce7791600d1d1f9e5fdf633abb spot USDC account,0xd9249de6224382ce7791600d1d1f9e5fdf633abb spot XMR1 account,XMR1 (Hyperliquid token index 404),0.27,,spot buy fill,Hyperliquid spot market @260,NOT ESTABLISHED by read-only API response,intact account execution association; mixed protocol custody,CONFIRMED,raw/hl_fills_0xd9249de6224382ce7791600d1d1f9e5fdf633abb.response.json,"API execution record, not independently reproduced HyperCore consensus inclusion. XMR1 is not proof of native Monero receipt. Gross bought amount before separately recorded XMR1 fee. No extra incident loss counted.",568.08,153.3816,XMR1,0.000189,567252112783,993795027985536,0x7d48eb059168c18463d0afa2592895ba,F0195,spot execution account record
F0424,2026-10-07T02:18:35.836Z,Hyperliquid spot account ledger (first-party API),0x4bba8fe251f3ef6e4d34044601effe0204d900c7ecf70e40ef833b3510f7c958,0xd9249de6224382ce7791600d1d1f9e5fdf633abb spot USDC account,0xd9249de6224382ce7791600d1d1f9e5fdf633abb spot XMR1 account,XMR1 (Hyperliquid token index 404),0.27,,spot buy fill,Hyperliquid spot market @260,NOT ESTABLISHED by read-only API response,intact account execution association; mixed protocol custody,CONFIRMED,raw/hl_fills_0xd9249de6224382ce7791600d1d1f9e5fdf633abb.response.json,"API execution record, not independently reproduced HyperCore consensus inclusion. XMR1 is not proof of native Monero receipt. Gross bought amount before separately recorded XMR1 fee. No extra incident loss counted.",569.84,153.8568,XMR1,0.000189,567252112783,1031582390214642,0x7d48eb059168c18463d0afa2592895ba,F0195,spot execution account record
F0425,2026-10-07T02:18:37.635Z,Hyperliquid spot account ledger (first-party API),0x2fd6192b70221988314f044601f018020bb200110b25385ad39ec47e2f25f372,0xd9249de6224382ce7791600d1d1f9e5fdf633abb spot USDC account,0xd9249de6224382ce7791600d1d1f9e5fdf633abb spot XMR1 account,XMR1 (Hyperliquid token index 404),0.03,,spot buy fill,Hyperliquid spot market @260,NOT ESTABLISHED by read-only API response,intact account execution association; mixed protocol custody,CONFIRMED,raw/hl_fills_0xd9249de6224382ce7791600d1d1f9e5fdf633abb.response.json,"API execution record, not independently reproduced HyperCore consensus inclusion. XMR1 is not proof of native Monero receipt. Gross bought amount before separately recorded XMR1 fee. No extra incident loss counted.",569.85,17.0955,XMR1,0.000021,567252146174,637408561837585,0x220c79b3e65a4143a3e5945dd4681137,F0195,spot execution account record
