source_ID,request_file,url,requested_at_UTC,method,response_file,error,notes
V02S0001,raw_sources/arb_USDC_balance_0x4079067aa1bdff060c6c45155966d81c79e754e9.request.json,https://arb1.arbitrum.io/rpc,2026-10-08T07:57:15.203069+00:00,POST,arb_USDC_balance_0x4079067aa1bdff060c6c45155966d81c79e754e9.response.json,,
V02S0002,raw_sources/arb_USDC_balance_0x68b3a77db46418905c7eaf63324d4adcce06a680.request.json,https://arb1.arbitrum.io/rpc,2026-10-08T07:57:15.204050+00:00,POST,arb_USDC_balance_0x68b3a77db46418905c7eaf63324d4adcce06a680.response.json,,
V02S0003,raw_sources/arb_USDC_balance_0x68d6e20a28f9d50ebf798ccf9fae9e3d5e4f1ac4.request.json,https://arb1.arbitrum.io/rpc,2026-10-08T07:57:15.204499+00:00,POST,arb_USDC_balance_0x68d6e20a28f9d50ebf798ccf9fae9e3d5e4f1ac4.response.json,,
V02S0004,raw_sources/arb_USDC_balance_0x888795f84f5f81352a7639f1254662ae5897e223.request.json,https://arb1.arbitrum.io/rpc,2026-10-08T07:57:15.204923+00:00,POST,arb_USDC_balance_0x888795f84f5f81352a7639f1254662ae5897e223.response.json,,
V02S0005,raw_sources/arb_USDC_balance_0xd7efd720adf271b7173dd01a9b81668892bee6b1.request.json,https://arb1.arbitrum.io/rpc,2026-10-08T07:57:15.205349+00:00,POST,arb_USDC_balance_0xd7efd720adf271b7173dd01a9b81668892bee6b1.response.json,,
V02S0006,raw_sources/arb_USDC_balance_0xd9249de6224382ce7791600d1d1f9e5fdf633abb.request.json,https://arb1.arbitrum.io/rpc,2026-10-08T07:57:20.700442+00:00,POST,arb_USDC_balance_0xd9249de6224382ce7791600d1d1f9e5fdf633abb.response.json,,
V02S0007,raw_sources/arb_USDC_downstream_logs.request.json,https://arb1.arbitrum.io/rpc,2026-10-08T07:57:20.702914+00:00,POST,arb_USDC_downstream_logs.response.json,,
V02S0008,raw_sources/arb_USDC_logs_512422000.request.json,https://arb1.arbitrum.io/rpc,2026-10-08T08:00:03.426370+00:00,POST,arb_USDC_logs_512422000.response.json,,
V02S0009,raw_sources/arb_USDC_logs_512522000.request.json,https://arb1.arbitrum.io/rpc,2026-10-08T08:00:03.427678+00:00,POST,arb_USDC_logs_512522000.response.json,,
V02S0010,raw_sources/arb_USDC_logs_512622000.request.json,https://arb1.arbitrum.io/rpc,2026-10-08T08:00:03.428061+00:00,POST,arb_USDC_logs_512622000.response.json,,
V02S0011,raw_sources/arb_USDC_logs_512722000.request.json,https://arb1.arbitrum.io/rpc,2026-10-08T08:00:03.428852+00:00,POST,arb_USDC_logs_512722000.response.json,,
V02S0012,raw_sources/arb_block_512422057.request.json,https://arb1.arbitrum.io/rpc,2026-10-08T08:02:59.475976+00:00,POST,arb_block_512422057.response.json,,
V02S0013,raw_sources/arb_block_512422775.request.json,https://arb1.arbitrum.io/rpc,2026-10-08T08:02:55.729749+00:00,POST,arb_block_512422775.response.json,,
V02S0014,raw_sources/arb_block_512422872.request.json,https://arb1.arbitrum.io/rpc,2026-10-08T08:02:42.506045+00:00,POST,arb_block_512422872.response.json,,
V02S0015,raw_sources/arb_block_512423381.request.json,https://arb1.arbitrum.io/rpc,2026-10-08T08:02:51.120108+00:00,POST,arb_block_512423381.response.json,,
V02S0016,raw_sources/arb_block_512423646.request.json,https://arb1.arbitrum.io/rpc,2026-10-08T08:02:51.105136+00:00,POST,arb_block_512423646.response.json,,
V02S0017,raw_sources/arb_block_512424287.request.json,https://arb1.arbitrum.io/rpc,2026-10-08T08:02:57.907833+00:00,POST,arb_block_512424287.response.json,,
V02S0018,raw_sources/arb_block_512426794.request.json,https://arb1.arbitrum.io/rpc,2026-10-08T08:02:51.171632+00:00,POST,arb_block_512426794.response.json,,
V02S0019,raw_sources/arb_block_512427680.request.json,https://arb1.arbitrum.io/rpc,2026-10-08T08:02:57.904356+00:00,POST,arb_block_512427680.response.json,,
V02S0020,raw_sources/arb_block_512427700.request.json,https://arb1.arbitrum.io/rpc,2026-10-08T08:02:42.516180+00:00,POST,arb_block_512427700.response.json,,
V02S0021,raw_sources/arb_block_512428554.request.json,https://arb1.arbitrum.io/rpc,2026-10-08T08:02:55.741426+00:00,POST,arb_block_512428554.response.json,,
V02S0022,raw_sources/arb_block_512428778.request.json,https://arb1.arbitrum.io/rpc,2026-10-08T08:02:57.863609+00:00,POST,arb_block_512428778.response.json,,
V02S0023,raw_sources/arb_block_512429853.request.json,https://arb1.arbitrum.io/rpc,2026-10-08T08:02:42.490523+00:00,POST,arb_block_512429853.response.json,,
V02S0024,raw_sources/arb_eth_getTransactionByHash_0x0ddf411d8745a28b5efdd1c42ab0a1526c53f1c92b622b36c0f6baf595dc3a9c.request.json,https://arb1.arbitrum.io/rpc,2026-10-08T08:02:21.414687+00:00,POST,arb_eth_getTransactionByHash_0x0ddf411d8745a28b5efdd1c42ab0a1526c53f1c92b622b36c0f6baf595dc3a9c.response.json,,
V02S0025,raw_sources/arb_eth_getTransactionByHash_0x0ed5e25dfa5a8a702349a7c05c6e6afe28fd4161ad4c87c056a0460bef9056c6.request.json,https://arb1.arbitrum.io/rpc,2026-10-08T08:02:24.483409+00:00,POST,arb_eth_getTransactionByHash_0x0ed5e25dfa5a8a702349a7c05c6e6afe28fd4161ad4c87c056a0460bef9056c6.response.json,,
V02S0026,raw_sources/arb_eth_getTransactionByHash_0x16e6f266fcd0427f8ba145415acce0a5bf82fd7b0aa6a0f82805ca3ace3f6aec.request.json,https://arb1.arbitrum.io/rpc,2026-10-08T08:02:18.853612+00:00,POST,arb_eth_getTransactionByHash_0x16e6f266fcd0427f8ba145415acce0a5bf82fd7b0aa6a0f82805ca3ace3f6aec.response.json,,
V02S0027,raw_sources/arb_eth_getTransactionByHash_0x87bad7a36e11964c8cc2f794b9c92cd81e5dabfa195f09bfcec7dfbc95d913f2.request.json,https://arb1.arbitrum.io/rpc,2026-10-08T08:02:24.457787+00:00,POST,arb_eth_getTransactionByHash_0x87bad7a36e11964c8cc2f794b9c92cd81e5dabfa195f09bfcec7dfbc95d913f2.response.json,,
V02S0028,raw_sources/arb_eth_getTransactionByHash_0x953cb3206cf345b500e518316a07151f10835663ce4e55f8e972d2d78e78ff87.request.json,https://arb1.arbitrum.io/rpc,2026-10-08T08:02:13.161208+00:00,POST,arb_eth_getTransactionByHash_0x953cb3206cf345b500e518316a07151f10835663ce4e55f8e972d2d78e78ff87.response.json,,
V02S0029,raw_sources/arb_eth_getTransactionByHash_0xaa0aff84d1af6b40ac845970c0cfa038cceab2bd7327b5f2558165fd6325ce72.request.json,https://arb1.arbitrum.io/rpc,2026-10-08T07:06:21.872218+00:00,POST,arb_eth_getTransactionByHash_0xaa0aff84d1af6b40ac845970c0cfa038cceab2bd7327b5f2558165fd6325ce72.response.json,,
V02S0030,raw_sources/arb_eth_getTransactionByHash_0xac0ff9a5efb732d3e13f4506970ffb9e46cd6cfdb4771e8d9fdf26e53144062d.request.json,https://arb1.arbitrum.io/rpc,2026-10-08T08:02:35.015779+00:00,POST,arb_eth_getTransactionByHash_0xac0ff9a5efb732d3e13f4506970ffb9e46cd6cfdb4771e8d9fdf26e53144062d.response.json,,
V02S0031,raw_sources/arb_eth_getTransactionByHash_0xd09044916f0e5402351d6edc68cc7afa48a00e08800791a02e0f48f554f1255e.request.json,https://arb1.arbitrum.io/rpc,2026-10-08T08:02:13.124932+00:00,POST,arb_eth_getTransactionByHash_0xd09044916f0e5402351d6edc68cc7afa48a00e08800791a02e0f48f554f1255e.response.json,,
V02S0032,raw_sources/arb_eth_getTransactionByHash_0xdc8c606b8f029eb7db15e16c92fa120745a9ecf0f04c129c7c7908d76ffdcf67.request.json,https://arb1.arbitrum.io/rpc,2026-10-08T08:02:24.573692+00:00,POST,arb_eth_getTransactionByHash_0xdc8c606b8f029eb7db15e16c92fa120745a9ecf0f04c129c7c7908d76ffdcf67.response.json,,
V02S0033,raw_sources/arb_eth_getTransactionByHash_0xdffada3de106b8639c6af7e25fc106e075f1c1b02f9ffd8e6facb70413bcf0d8.request.json,https://arb1.arbitrum.io/rpc,2026-10-08T08:02:35.064721+00:00,POST,arb_eth_getTransactionByHash_0xdffada3de106b8639c6af7e25fc106e075f1c1b02f9ffd8e6facb70413bcf0d8.response.json,,
V02S0034,raw_sources/arb_eth_getTransactionByHash_0xe295cfe85f341c4abb36c74a22ea62c767788712410f7d10df4b55abcad99b85.request.json,https://arb1.arbitrum.io/rpc,2026-10-08T08:02:34.806595+00:00,POST,arb_eth_getTransactionByHash_0xe295cfe85f341c4abb36c74a22ea62c767788712410f7d10df4b55abcad99b85.response.json,,
V02S0035,raw_sources/arb_eth_getTransactionByHash_0xf194412af54f714b85e9e732ffdef2e214651391a26cd052c230d74f5a33b76e.request.json,https://arb1.arbitrum.io/rpc,2026-10-08T08:02:18.731501+00:00,POST,arb_eth_getTransactionByHash_0xf194412af54f714b85e9e732ffdef2e214651391a26cd052c230d74f5a33b76e.response.json,,
V02S0036,raw_sources/arb_eth_getTransactionByHash_0xf4918ef7084cbae5611f408234d390df99b7ecc5d2e656d41451bc1f63a2d1c3.request.json,https://arb1.arbitrum.io/rpc,2026-10-08T08:02:42.432473+00:00,POST,arb_eth_getTransactionByHash_0xf4918ef7084cbae5611f408234d390df99b7ecc5d2e656d41451bc1f63a2d1c3.response.json,,
V02S0037,raw_sources/arb_eth_getTransactionReceipt_0x0ddf411d8745a28b5efdd1c42ab0a1526c53f1c92b622b36c0f6baf595dc3a9c.request.json,https://arb1.arbitrum.io/rpc,2026-10-08T08:02:21.508716+00:00,POST,arb_eth_getTransactionReceipt_0x0ddf411d8745a28b5efdd1c42ab0a1526c53f1c92b622b36c0f6baf595dc3a9c.response.json,,
V02S0038,raw_sources/arb_eth_getTransactionReceipt_0x0ed5e25dfa5a8a702349a7c05c6e6afe28fd4161ad4c87c056a0460bef9056c6.request.json,https://arb1.arbitrum.io/rpc,2026-10-08T08:02:24.488593+00:00,POST,arb_eth_getTransactionReceipt_0x0ed5e25dfa5a8a702349a7c05c6e6afe28fd4161ad4c87c056a0460bef9056c6.response.json,,
V02S0039,raw_sources/arb_eth_getTransactionReceipt_0x16e6f266fcd0427f8ba145415acce0a5bf82fd7b0aa6a0f82805ca3ace3f6aec.request.json,https://arb1.arbitrum.io/rpc,2026-10-08T08:02:18.915893+00:00,POST,arb_eth_getTransactionReceipt_0x16e6f266fcd0427f8ba145415acce0a5bf82fd7b0aa6a0f82805ca3ace3f6aec.response.json,,
V02S0040,raw_sources/arb_eth_getTransactionReceipt_0x87bad7a36e11964c8cc2f794b9c92cd81e5dabfa195f09bfcec7dfbc95d913f2.request.json,https://arb1.arbitrum.io/rpc,2026-10-08T08:02:24.475608+00:00,POST,arb_eth_getTransactionReceipt_0x87bad7a36e11964c8cc2f794b9c92cd81e5dabfa195f09bfcec7dfbc95d913f2.response.json,,
V02S0041,raw_sources/arb_eth_getTransactionReceipt_0x953cb3206cf345b500e518316a07151f10835663ce4e55f8e972d2d78e78ff87.request.json,https://arb1.arbitrum.io/rpc,2026-10-08T08:02:13.182645+00:00,POST,arb_eth_getTransactionReceipt_0x953cb3206cf345b500e518316a07151f10835663ce4e55f8e972d2d78e78ff87.response.json,,
V02S0042,raw_sources/arb_eth_getTransactionReceipt_0xaa0aff84d1af6b40ac845970c0cfa038cceab2bd7327b5f2558165fd6325ce72.request.json,https://arb1.arbitrum.io/rpc,2026-10-08T07:06:21.874753+00:00,POST,arb_eth_getTransactionReceipt_0xaa0aff84d1af6b40ac845970c0cfa038cceab2bd7327b5f2558165fd6325ce72.response.json,,
V02S0043,raw_sources/arb_eth_getTransactionReceipt_0xac0ff9a5efb732d3e13f4506970ffb9e46cd6cfdb4771e8d9fdf26e53144062d.request.json,https://arb1.arbitrum.io/rpc,2026-10-08T08:02:35.051829+00:00,POST,arb_eth_getTransactionReceipt_0xac0ff9a5efb732d3e13f4506970ffb9e46cd6cfdb4771e8d9fdf26e53144062d.response.json,,
V02S0044,raw_sources/arb_eth_getTransactionReceipt_0xd09044916f0e5402351d6edc68cc7afa48a00e08800791a02e0f48f554f1255e.request.json,https://arb1.arbitrum.io/rpc,2026-10-08T08:02:13.128848+00:00,POST,arb_eth_getTransactionReceipt_0xd09044916f0e5402351d6edc68cc7afa48a00e08800791a02e0f48f554f1255e.response.json,,
V02S0045,raw_sources/arb_eth_getTransactionReceipt_0xdc8c606b8f029eb7db15e16c92fa120745a9ecf0f04c129c7c7908d76ffdcf67.request.json,https://arb1.arbitrum.io/rpc,2026-10-08T08:02:24.584104+00:00,POST,arb_eth_getTransactionReceipt_0xdc8c606b8f029eb7db15e16c92fa120745a9ecf0f04c129c7c7908d76ffdcf67.response.json,,
V02S0046,raw_sources/arb_eth_getTransactionReceipt_0xdffada3de106b8639c6af7e25fc106e075f1c1b02f9ffd8e6facb70413bcf0d8.request.json,https://arb1.arbitrum.io/rpc,2026-10-08T08:02:35.076520+00:00,POST,arb_eth_getTransactionReceipt_0xdffada3de106b8639c6af7e25fc106e075f1c1b02f9ffd8e6facb70413bcf0d8.response.json,,
V02S0047,raw_sources/arb_eth_getTransactionReceipt_0xe295cfe85f341c4abb36c74a22ea62c767788712410f7d10df4b55abcad99b85.request.json,https://arb1.arbitrum.io/rpc,2026-10-08T08:02:34.972582+00:00,POST,arb_eth_getTransactionReceipt_0xe295cfe85f341c4abb36c74a22ea62c767788712410f7d10df4b55abcad99b85.response.json,,
V02S0048,raw_sources/arb_eth_getTransactionReceipt_0xf194412af54f714b85e9e732ffdef2e214651391a26cd052c230d74f5a33b76e.request.json,https://arb1.arbitrum.io/rpc,2026-10-08T08:02:18.849091+00:00,POST,arb_eth_getTransactionReceipt_0xf194412af54f714b85e9e732ffdef2e214651391a26cd052c230d74f5a33b76e.response.json,,
V02S0049,raw_sources/arb_eth_getTransactionReceipt_0xf4918ef7084cbae5611f408234d390df99b7ecc5d2e656d41451bc1f63a2d1c3.request.json,https://arb1.arbitrum.io/rpc,2026-10-08T08:02:42.470555+00:00,POST,arb_eth_getTransactionReceipt_0xf4918ef7084cbae5611f408234d390df99b7ecc5d2e656d41451bc1f63a2d1c3.response.json,,
V02S0050,raw_sources/arb_public.request.json,https://arbitrum-one-rpc.publicnode.com,2026-10-08T06:45:33.978521+00:00,eth_chainId,,HTTP Error 403: Forbidden,
V02S0051,raw_sources/arb_receiving_history.request.json,https://arbitrum.blockscout.com/api/v2/addresses/0xd7efd720adf271b7173dd01a9b81668892bee6b1/token-transfers,2026-10-08T07:09:24.288172+00:00,GET,,HTTP Error 403: Forbidden,
V02S0052,raw_sources/arb_rpc.request.json,https://arb1.arbitrum.io/rpc,2026-10-08T06:41:05.864296+00:00,eth_getTransactionCount,,HTTP Error 403: Forbidden,
V02S0053,raw_sources/arb_token_0xaf88d065e77c8cc2239327c5edb3a432268e5831_decimals.request.json,https://arb1.arbitrum.io/rpc,2026-10-08T08:03:13.812391+00:00,POST,arb_token_0xaf88d065e77c8cc2239327c5edb3a432268e5831_decimals.response.json,,
V02S0054,raw_sources/arb_token_0xaf88d065e77c8cc2239327c5edb3a432268e5831_name.request.json,https://arb1.arbitrum.io/rpc,2026-10-08T08:03:13.874653+00:00,POST,arb_token_0xaf88d065e77c8cc2239327c5edb3a432268e5831_name.response.json,,
V02S0055,raw_sources/arb_token_0xaf88d065e77c8cc2239327c5edb3a432268e5831_symbol.request.json,https://arb1.arbitrum.io/rpc,2026-10-08T08:03:13.835349+00:00,POST,arb_token_0xaf88d065e77c8cc2239327c5edb3a432268e5831_symbol.response.json,,
V02S0056,raw_sources/arb_usdc_decimals.request.json,https://arb1.arbitrum.io/rpc,2026-10-08T07:09:24.291259+00:00,POST,arb_usdc_decimals.response.json,,
V02S0057,raw_sources/bsc_balance_0x14AA2A71dbb5eF87b81F92205E2699AA4aa65794.request.json,https://bsc-dataseed.binance.org,2026-10-08T06:43:10.515151+00:00,eth_getBalance,bsc_balance_0x14AA2A71dbb5eF87b81F92205E2699AA4aa65794.response.json,,
V02S0058,raw_sources/bsc_balance_0x427C4b37de0714821B09C4FC655a713AbbCfbA83.request.json,https://bsc-dataseed.binance.org,2026-10-08T06:43:23.523570+00:00,eth_getBalance,bsc_balance_0x427C4b37de0714821B09C4FC655a713AbbCfbA83.response.json,,
V02S0059,raw_sources/bsc_chain_id.request.json,https://bsc-dataseed.binance.org,2026-10-08T06:48:31.952425+00:00,eth_chainId,bsc_chain_id.response.json,,
V02S0060,raw_sources/bsc_end_0.request.json,https://bsc-dataseed.binance.org,2026-10-08T06:46:20.715626+00:00,eth_getBlockByNumber,bsc_end_0.response.json,,
V02S0061,raw_sources/bsc_end_1.request.json,https://bsc-dataseed.binance.org,2026-10-08T06:46:27.833195+00:00,eth_getBlockByNumber,bsc_end_1.response.json,,
V02S0062,raw_sources/bsc_end_10.request.json,https://bsc-dataseed.binance.org,2026-10-08T06:47:31.876119+00:00,eth_getBlockByNumber,bsc_end_10.response.json,,
V02S0063,raw_sources/bsc_end_11.request.json,https://bsc-dataseed.binance.org,2026-10-08T06:47:37.537638+00:00,eth_getBlockByNumber,bsc_end_11.response.json,,
V02S0064,raw_sources/bsc_end_12.request.json,https://bsc-dataseed.binance.org,2026-10-08T06:47:45.213657+00:00,eth_getBlockByNumber,bsc_end_12.response.json,,
V02S0065,raw_sources/bsc_end_13.request.json,https://bsc-dataseed.binance.org,2026-10-08T06:47:50.926506+00:00,eth_getBlockByNumber,bsc_end_13.response.json,,
V02S0066,raw_sources/bsc_end_14.request.json,https://bsc-dataseed.binance.org,2026-10-08T06:47:57.678852+00:00,eth_getBlockByNumber,bsc_end_14.response.json,,
V02S0067,raw_sources/bsc_end_15.request.json,https://bsc-dataseed.binance.org,2026-10-08T06:48:03.636688+00:00,eth_getBlockByNumber,bsc_end_15.response.json,,
V02S0068,raw_sources/bsc_end_16.request.json,https://bsc-dataseed.binance.org,2026-10-08T06:48:11.790934+00:00,eth_getBlockByNumber,bsc_end_16.response.json,,
V02S0069,raw_sources/bsc_end_17.request.json,https://bsc-dataseed.binance.org,2026-10-08T06:48:18.541799+00:00,eth_getBlockByNumber,bsc_end_17.response.json,,
V02S0070,raw_sources/bsc_end_18.request.json,https://bsc-dataseed.binance.org,2026-10-08T06:48:27.606742+00:00,eth_getBlockByNumber,bsc_end_18.response.json,,
V02S0071,raw_sources/bsc_end_19.request.json,https://bsc-dataseed.binance.org,2026-10-08T06:48:33.188692+00:00,eth_getBlockByNumber,bsc_end_19.response.json,,
V02S0072,raw_sources/bsc_end_2.request.json,https://bsc-dataseed.binance.org,2026-10-08T06:46:33.915934+00:00,eth_getBlockByNumber,bsc_end_2.response.json,,
V02S0073,raw_sources/bsc_end_20.request.json,https://bsc-dataseed.binance.org,2026-10-08T06:48:40.375042+00:00,eth_getBlockByNumber,bsc_end_20.response.json,,
V02S0074,raw_sources/bsc_end_21.request.json,https://bsc-dataseed.binance.org,2026-10-08T06:48:47.607655+00:00,eth_getBlockByNumber,bsc_end_21.response.json,,
V02S0075,raw_sources/bsc_end_22.request.json,https://bsc-dataseed.binance.org,2026-10-08T06:48:54.045539+00:00,eth_getBlockByNumber,bsc_end_22.response.json,,
V02S0076,raw_sources/bsc_end_23.request.json,https://bsc-dataseed.binance.org,2026-10-08T06:49:01.557055+00:00,eth_getBlockByNumber,bsc_end_23.response.json,,
V02S0077,raw_sources/bsc_end_24.request.json,https://bsc-dataseed.binance.org,2026-10-08T06:49:09.542442+00:00,eth_getBlockByNumber,bsc_end_24.response.json,,
V02S0078,raw_sources/bsc_end_25.request.json,https://bsc-dataseed.binance.org,2026-10-08T06:49:16.478371+00:00,eth_getBlockByNumber,bsc_end_25.response.json,,
V02S0079,raw_sources/bsc_end_26.request.json,https://bsc-dataseed.binance.org,2026-10-08T06:49:22.133157+00:00,eth_getBlockByNumber,bsc_end_26.response.json,,
V02S0080,raw_sources/bsc_end_3.request.json,https://bsc-dataseed.binance.org,2026-10-08T06:46:41.327271+00:00,eth_getBlockByNumber,bsc_end_3.response.json,,
V02S0081,raw_sources/bsc_end_4.request.json,https://bsc-dataseed.binance.org,2026-10-08T06:46:48.429672+00:00,eth_getBlockByNumber,bsc_end_4.response.json,,
V02S0082,raw_sources/bsc_end_5.request.json,https://bsc-dataseed.binance.org,2026-10-08T06:46:56.778447+00:00,eth_getBlockByNumber,bsc_end_5.response.json,,
V02S0083,raw_sources/bsc_end_6.request.json,https://bsc-dataseed.binance.org,2026-10-08T06:47:05.361221+00:00,eth_getBlockByNumber,bsc_end_6.response.json,,
V02S0084,raw_sources/bsc_end_7.request.json,https://bsc-dataseed.binance.org,2026-10-08T06:47:12.957076+00:00,eth_getBlockByNumber,bsc_end_7.response.json,,
V02S0085,raw_sources/bsc_end_8.request.json,https://bsc-dataseed.binance.org,2026-10-08T06:47:19.492403+00:00,eth_getBlockByNumber,bsc_end_8.response.json,,
V02S0086,raw_sources/bsc_end_9.request.json,https://bsc-dataseed.binance.org,2026-10-08T06:47:25.728951+00:00,eth_getBlockByNumber,bsc_end_9.response.json,,
V02S0087,raw_sources/bsc_latest.request.json,https://bsc-dataseed.binance.org,2026-10-08T06:43:30.395402+00:00,eth_getBlockByNumber,bsc_latest.response.json,,
V02S0088,raw_sources/bsc_nonce_0x14AA2A71dbb5eF87b81F92205E2699AA4aa65794.request.json,https://bsc-dataseed.binance.org,2026-10-08T06:43:04.044192+00:00,eth_getTransactionCount,bsc_nonce_0x14AA2A71dbb5eF87b81F92205E2699AA4aa65794.response.json,,
V02S0089,raw_sources/bsc_nonce_0x427C4b37de0714821B09C4FC655a713AbbCfbA83.request.json,https://bsc-dataseed.binance.org,2026-10-08T06:43:18.383318+00:00,eth_getTransactionCount,bsc_nonce_0x427C4b37de0714821B09C4FC655a713AbbCfbA83.response.json,,
V02S0090,raw_sources/bsc_publicnode_logs_0.request.json,https://bsc-rpc.publicnode.com,2026-10-08T07:08:49.364271+00:00,POST,,HTTP Error 403: Forbidden,
V02S0091,raw_sources/bsc_publicnode_logs_1.request.json,https://bsc-rpc.publicnode.com,2026-10-08T07:08:49.370635+00:00,POST,,HTTP Error 403: Forbidden,
V02S0092,raw_sources/bsc_routescan_0.request.json,https://api.routescan.io/v2/network/mainnet/evm/56/etherscan/api?module=account&action=txlist&address=0x14AA2A71dbb5eF87b81F92205E2699AA4aa65794&startblock=0&endblock=999999999&sort=asc,2026-10-08T07:08:49.359242+00:00,GET,bsc_routescan_0.response.json,,
V02S0093,raw_sources/bsc_routescan_1.request.json,https://api.routescan.io/v2/network/mainnet/evm/56/etherscan/api?module=account&action=txlist&address=0x427C4b37de0714821B09C4FC655a713AbbCfbA83&startblock=0&endblock=999999999&sort=asc,2026-10-08T07:08:49.360787+00:00,GET,bsc_routescan_1.response.json,,
V02S0094,raw_sources/bsc_rpc.request.json,https://bsc-dataseed.binance.org,2026-10-08T06:41:04.094148+00:00,eth_getTransactionCount,bsc_rpc.response.json,,
V02S0095,raw_sources/bsc_small_logs_0.request.json,https://bsc-dataseed.binance.org,2026-10-08T06:57:34.960782+00:00,POST,bsc_small_logs_0.response.json,,
V02S0096,raw_sources/bsc_small_logs_1.request.json,https://bsc-dataseed.binance.org,2026-10-08T06:57:34.963377+00:00,POST,bsc_small_logs_1.response.json,,
V02S0097,raw_sources/bsc_start_0.request.json,https://bsc-dataseed.binance.org,2026-10-08T06:43:35.295654+00:00,eth_getBlockByNumber,bsc_start_0.response.json,,
V02S0098,raw_sources/bsc_start_1.request.json,https://bsc-dataseed.binance.org,2026-10-08T06:43:41.926600+00:00,eth_getBlockByNumber,bsc_start_1.response.json,,
V02S0099,raw_sources/bsc_start_10.request.json,https://bsc-dataseed.binance.org,2026-10-08T06:44:36.919745+00:00,eth_getBlockByNumber,bsc_start_10.response.json,,
V02S0100,raw_sources/bsc_start_11.request.json,https://bsc-dataseed.binance.org,2026-10-08T06:44:42.769350+00:00,eth_getBlockByNumber,bsc_start_11.response.json,,
V02S0101,raw_sources/bsc_start_12.request.json,https://bsc-dataseed.binance.org,2026-10-08T06:44:48.747840+00:00,eth_getBlockByNumber,bsc_start_12.response.json,,
V02S0102,raw_sources/bsc_start_13.request.json,https://bsc-dataseed.binance.org,2026-10-08T06:44:55.616111+00:00,eth_getBlockByNumber,bsc_start_13.response.json,,
V02S0103,raw_sources/bsc_start_14.request.json,https://bsc-dataseed.binance.org,2026-10-08T06:45:01.388708+00:00,eth_getBlockByNumber,bsc_start_14.response.json,,
V02S0104,raw_sources/bsc_start_15.request.json,https://bsc-dataseed.binance.org,2026-10-08T06:45:08.418283+00:00,eth_getBlockByNumber,bsc_start_15.response.json,,
V02S0105,raw_sources/bsc_start_16.request.json,https://bsc-dataseed.binance.org,2026-10-08T06:45:13.680789+00:00,eth_getBlockByNumber,bsc_start_16.response.json,,
V02S0106,raw_sources/bsc_start_17.request.json,https://bsc-dataseed.binance.org,2026-10-08T06:45:21.712519+00:00,eth_getBlockByNumber,bsc_start_17.response.json,,
V02S0107,raw_sources/bsc_start_18.request.json,https://bsc-dataseed.binance.org,2026-10-08T06:45:28.412988+00:00,eth_getBlockByNumber,bsc_start_18.response.json,,
V02S0108,raw_sources/bsc_start_19.request.json,https://bsc-dataseed.binance.org,2026-10-08T06:45:34.693684+00:00,eth_getBlockByNumber,bsc_start_19.response.json,,
V02S0109,raw_sources/bsc_start_2.request.json,https://bsc-dataseed.binance.org,2026-10-08T06:43:47.633638+00:00,eth_getBlockByNumber,bsc_start_2.response.json,,
V02S0110,raw_sources/bsc_start_20.request.json,https://bsc-dataseed.binance.org,2026-10-08T06:45:39.023746+00:00,eth_getBlockByNumber,bsc_start_20.response.json,,
V02S0111,raw_sources/bsc_start_21.request.json,https://bsc-dataseed.binance.org,2026-10-08T06:45:43.287777+00:00,eth_getBlockByNumber,bsc_start_21.response.json,,
V02S0112,raw_sources/bsc_start_22.request.json,https://bsc-dataseed.binance.org,2026-10-08T06:45:49.371371+00:00,eth_getBlockByNumber,bsc_start_22.response.json,,
V02S0113,raw_sources/bsc_start_23.request.json,https://bsc-dataseed.binance.org,2026-10-08T06:45:54.955572+00:00,eth_getBlockByNumber,bsc_start_23.response.json,,
V02S0114,raw_sources/bsc_start_24.request.json,https://bsc-dataseed.binance.org,2026-10-08T06:46:00.322598+00:00,eth_getBlockByNumber,bsc_start_24.response.json,,
V02S0115,raw_sources/bsc_start_25.request.json,https://bsc-dataseed.binance.org,2026-10-08T06:46:06.104237+00:00,eth_getBlockByNumber,bsc_start_25.response.json,,
V02S0116,raw_sources/bsc_start_26.request.json,https://bsc-dataseed.binance.org,2026-10-08T06:46:14.345493+00:00,eth_getBlockByNumber,bsc_start_26.response.json,,
V02S0117,raw_sources/bsc_start_3.request.json,https://bsc-dataseed.binance.org,2026-10-08T06:43:52.996586+00:00,eth_getBlockByNumber,bsc_start_3.response.json,,
V02S0118,raw_sources/bsc_start_4.request.json,https://bsc-dataseed.binance.org,2026-10-08T06:43:59.015591+00:00,eth_getBlockByNumber,bsc_start_4.response.json,,
V02S0119,raw_sources/bsc_start_5.request.json,https://bsc-dataseed.binance.org,2026-10-08T06:44:04.312867+00:00,eth_getBlockByNumber,bsc_start_5.response.json,,
V02S0120,raw_sources/bsc_start_6.request.json,https://bsc-dataseed.binance.org,2026-10-08T06:44:10.510016+00:00,eth_getBlockByNumber,bsc_start_6.response.json,,
V02S0121,raw_sources/bsc_start_7.request.json,https://bsc-dataseed.binance.org,2026-10-08T06:44:17.404852+00:00,eth_getBlockByNumber,bsc_start_7.response.json,,
V02S0122,raw_sources/bsc_start_8.request.json,https://bsc-dataseed.binance.org,2026-10-08T06:44:23.007882+00:00,eth_getBlockByNumber,bsc_start_8.response.json,,
V02S0123,raw_sources/bsc_start_9.request.json,https://bsc-dataseed.binance.org,2026-10-08T06:44:29.175462+00:00,eth_getBlockByNumber,bsc_start_9.response.json,,
V02S0124,raw_sources/bsc_token_outflows_0x14AA2A71dbb5eF87b81F92205E2699AA4aa65794.request.json,https://bsc-dataseed.binance.org,2026-10-08T06:49:29.788629+00:00,eth_getLogs,bsc_token_outflows_0x14AA2A71dbb5eF87b81F92205E2699AA4aa65794.response.json,,
V02S0125,raw_sources/bsc_token_outflows_0x427C4b37de0714821B09C4FC655a713AbbCfbA83.request.json,https://bsc-dataseed.binance.org,2026-10-08T06:49:42.511422+00:00,eth_getLogs,bsc_token_outflows_0x427C4b37de0714821B09C4FC655a713AbbCfbA83.response.json,,
V02S0126,raw_sources/bsc_window_nonce_0_126120273.request.json,https://bsc-dataseed.binance.org,2026-10-08T06:57:34.957302+00:00,POST,bsc_window_nonce_0_126120273.response.json,,
V02S0127,raw_sources/bsc_window_nonce_0_126184260.request.json,https://bsc-dataseed.binance.org,2026-10-08T06:57:34.960117+00:00,POST,bsc_window_nonce_0_126184260.response.json,,
V02S0128,raw_sources/bsc_window_nonce_1_126120273.request.json,https://bsc-dataseed.binance.org,2026-10-08T06:57:34.962102+00:00,POST,bsc_window_nonce_1_126120273.response.json,,
V02S0129,raw_sources/bsc_window_nonce_1_126184260.request.json,https://bsc-dataseed.binance.org,2026-10-08T06:57:34.962614+00:00,POST,bsc_window_nonce_1_126184260.response.json,,
V02S0130,raw_sources/bscscan_transactions_0.request.json,https://bscscan.com/txs?a=0x14AA2A71dbb5eF87b81F92205E2699AA4aa65794,2026-10-08T06:57:21.640442+00:00,GET,,HTTP Error 403: Forbidden,
V02S0131,raw_sources/bscscan_transactions_1.request.json,https://bscscan.com/txs?a=0x427C4b37de0714821B09C4FC655a713AbbCfbA83,2026-10-08T06:57:27.831030+00:00,GET,,HTTP Error 403: Forbidden,
V02S0132,raw_sources/conversion_base64.request.json,https://api.mainnet-beta.solana.com,2026-10-08T06:43:39.938672+00:00,getTransaction,conversion_base64.response.json,,
V02S0133,raw_sources/conversion_program.request.json,https://api.mainnet-beta.solana.com,2026-10-08T06:40:58.893245+00:00,getAccountInfo,conversion_program.response.json,,
V02S0134,raw_sources/debug_traceTransaction_0x0b6a877380470ecac266e5246f6c975a530ffb1c153845771b60068761363b80.request.json,https://ethereum-rpc.publicnode.com,2026-10-08T06:59:49.934387+00:00,POST,debug_traceTransaction_0x0b6a877380470ecac266e5246f6c975a530ffb1c153845771b60068761363b80.response.json,,
V02S0135,raw_sources/debug_traceTransaction_0x2b422b1831483eb9158ef56d9faed48e150d907e5773e4b97f6d8147cc5204c3.request.json,https://ethereum-rpc.publicnode.com,2026-10-08T07:00:23.996309+00:00,POST,debug_traceTransaction_0x2b422b1831483eb9158ef56d9faed48e150d907e5773e4b97f6d8147cc5204c3.response.json,,
V02S0136,raw_sources/debug_traceTransaction_0x3b55306138fd68b7a3863aa8ac29cdf786f4807deb4e36ed237671b59220d988.request.json,https://ethereum-rpc.publicnode.com,2026-10-08T07:00:24.138605+00:00,POST,debug_traceTransaction_0x3b55306138fd68b7a3863aa8ac29cdf786f4807deb4e36ed237671b59220d988.response.json,,
V02S0137,raw_sources/debug_traceTransaction_0x3d417a0ebec865a9889dd5469fd14532a48a0b36c3a145e54230364532944252.request.json,https://ethereum-rpc.publicnode.com,2026-10-08T07:00:17.313692+00:00,POST,debug_traceTransaction_0x3d417a0ebec865a9889dd5469fd14532a48a0b36c3a145e54230364532944252.response.json,,
V02S0138,raw_sources/debug_traceTransaction_0x5ae46f2541d52f0f1b907c6a02ebe6cd71f3525a4ee3e6bbfe8d8341661f7ce9.request.json,https://ethereum-rpc.publicnode.com,2026-10-08T07:00:36.410110+00:00,POST,debug_traceTransaction_0x5ae46f2541d52f0f1b907c6a02ebe6cd71f3525a4ee3e6bbfe8d8341661f7ce9.response.json,,
V02S0139,raw_sources/debug_traceTransaction_0x5b8ab3e41fe8eb1ababc70fee036100af41e9afa9588c8a53ba99bec25c3530b.request.json,https://ethereum-rpc.publicnode.com,2026-10-08T07:00:42.585442+00:00,POST,debug_traceTransaction_0x5b8ab3e41fe8eb1ababc70fee036100af41e9afa9588c8a53ba99bec25c3530b.response.json,,
V02S0140,raw_sources/debug_traceTransaction_0x5d6b414f8b7ecdcee5ffdb378ceb3de228cec732037437d759900ed7b34d1b1a.request.json,https://ethereum-rpc.publicnode.com,2026-10-08T07:01:03.865293+00:00,POST,debug_traceTransaction_0x5d6b414f8b7ecdcee5ffdb378ceb3de228cec732037437d759900ed7b34d1b1a.response.json,,
V02S0141,raw_sources/debug_traceTransaction_0x6a0ea3e332600ed01ce57d9d25e2f7ac117b411b084011906038cc8b48f39ae2.request.json,https://ethereum-rpc.publicnode.com,2026-10-08T07:00:01.737825+00:00,POST,debug_traceTransaction_0x6a0ea3e332600ed01ce57d9d25e2f7ac117b411b084011906038cc8b48f39ae2.response.json,,
V02S0142,raw_sources/debug_traceTransaction_0x74fde4a6ce17dc1628fd6f3dd7099e86037aba987d74e9b189df2d25b6e2b06f.request.json,https://ethereum-rpc.publicnode.com,2026-10-08T06:59:56.390430+00:00,POST,debug_traceTransaction_0x74fde4a6ce17dc1628fd6f3dd7099e86037aba987d74e9b189df2d25b6e2b06f.response.json,,
V02S0143,raw_sources/debug_traceTransaction_0x7768d5b0506bf88fbc4c5d94f51eb8fff49dc67d55fd1d632811f8ce78087b8c.request.json,https://ethereum-rpc.publicnode.com,2026-10-08T07:00:17.396378+00:00,POST,debug_traceTransaction_0x7768d5b0506bf88fbc4c5d94f51eb8fff49dc67d55fd1d632811f8ce78087b8c.response.json,,
V02S0144,raw_sources/debug_traceTransaction_0x7873e900cc196ea94a7c671f7f299fe6842412e6048fac07411655e1161ec9cf.request.json,https://ethereum-rpc.publicnode.com,2026-10-08T07:00:30.914220+00:00,POST,debug_traceTransaction_0x7873e900cc196ea94a7c671f7f299fe6842412e6048fac07411655e1161ec9cf.response.json,,
V02S0145,raw_sources/debug_traceTransaction_0x7934a9f4945e9a8499d7967a922ccf8bd54f5c38c642d22b506c34edf24dd663.request.json,https://ethereum-rpc.publicnode.com,2026-10-08T07:00:48.604114+00:00,POST,debug_traceTransaction_0x7934a9f4945e9a8499d7967a922ccf8bd54f5c38c642d22b506c34edf24dd663.response.json,,
V02S0146,raw_sources/debug_traceTransaction_0x794649aaa990c10f12c40b94d4d198280abb2645e134bf5a4fcede4cb098a405.request.json,https://ethereum-rpc.publicnode.com,2026-10-08T07:00:30.698362+00:00,POST,debug_traceTransaction_0x794649aaa990c10f12c40b94d4d198280abb2645e134bf5a4fcede4cb098a405.response.json,,
V02S0147,raw_sources/debug_traceTransaction_0x82baf0241ef2cbaa4d05cf1a5279705a330ec2cb27054f782f3b602697475d8f.request.json,https://ethereum-rpc.publicnode.com,2026-10-08T07:00:09.387117+00:00,POST,debug_traceTransaction_0x82baf0241ef2cbaa4d05cf1a5279705a330ec2cb27054f782f3b602697475d8f.response.json,,
V02S0148,raw_sources/debug_traceTransaction_0x85ac8c0202089c79a04a9f91a7e17b37144b4c1b74af4295da23e2969d4b352a.request.json,https://ethereum-rpc.publicnode.com,2026-10-08T07:00:57.534451+00:00,POST,debug_traceTransaction_0x85ac8c0202089c79a04a9f91a7e17b37144b4c1b74af4295da23e2969d4b352a.response.json,,
V02S0149,raw_sources/debug_traceTransaction_0xa8b7de369a499a844c12f59905ef4c52386272b10aac66d9e3aeeaa9d02a145b.request.json,https://ethereum-rpc.publicnode.com,2026-10-08T07:00:42.502034+00:00,POST,debug_traceTransaction_0xa8b7de369a499a844c12f59905ef4c52386272b10aac66d9e3aeeaa9d02a145b.response.json,,
V02S0150,raw_sources/debug_traceTransaction_0xaedc189291428449d48139f7e9866653f2d3c7ff6bb6150836ffc4b135369e2e.request.json,https://ethereum-rpc.publicnode.com,2026-10-08T07:00:36.457854+00:00,POST,debug_traceTransaction_0xaedc189291428449d48139f7e9866653f2d3c7ff6bb6150836ffc4b135369e2e.response.json,,
V02S0151,raw_sources/debug_traceTransaction_0xb3681554b8220d486dd3990666dd35115f3df6b7b409705bacfe334fa4bc05e8.request.json,https://ethereum-rpc.publicnode.com,2026-10-08T07:00:01.617182+00:00,POST,debug_traceTransaction_0xb3681554b8220d486dd3990666dd35115f3df6b7b409705bacfe334fa4bc05e8.response.json,,
V02S0152,raw_sources/debug_traceTransaction_0xcff34a0c22261839ef69e4039ad6726e01fc95663bdc192d21bf35699d7883a3.request.json,https://ethereum-rpc.publicnode.com,2026-10-08T07:00:57.793665+00:00,POST,debug_traceTransaction_0xcff34a0c22261839ef69e4039ad6726e01fc95663bdc192d21bf35699d7883a3.response.json,,
V02S0153,raw_sources/debug_traceTransaction_0xd660af041faddd964b1d59cecc709beeb9e425282ab93a4d8f229455af69ff37.request.json,https://ethereum-rpc.publicnode.com,2026-10-08T07:00:48.383085+00:00,POST,debug_traceTransaction_0xd660af041faddd964b1d59cecc709beeb9e425282ab93a4d8f229455af69ff37.response.json,,
V02S0154,raw_sources/debug_traceTransaction_0xe92d9f816ec06f36e69c38d17f818a9ca466127049595147a77009a9d4f4e6a3.request.json,https://ethereum-rpc.publicnode.com,2026-10-08T07:00:09.180371+00:00,POST,debug_traceTransaction_0xe92d9f816ec06f36e69c38d17f818a9ca466127049595147a77009a9d4f4e6a3.response.json,,
V02S0155,raw_sources/debug_traceTransaction_0xebe14ec7d07afca402f002199e0334725f7db87ade15e97790a97b155d75acbe.request.json,https://ethereum-rpc.publicnode.com,2026-10-08T06:59:49.956853+00:00,POST,debug_traceTransaction_0xebe14ec7d07afca402f002199e0334725f7db87ade15e97790a97b155d75acbe.response.json,,
V02S0156,raw_sources/debug_traceTransaction_0xeeea9c1a1aef96812de9e651032492397148eef17949df9b27c0f62fad2ebc2c.request.json,https://ethereum-rpc.publicnode.com,2026-10-08T06:59:56.482470+00:00,POST,debug_traceTransaction_0xeeea9c1a1aef96812de9e651032492397148eef17949df9b27c0f62fad2ebc2c.response.json,,
V02S0157,raw_sources/eth_ankr.request.json,https://rpc.ankr.com/eth,2026-10-08T06:45:33.976470+00:00,eth_chainId,eth_ankr.response.json,,
V02S0158,raw_sources/eth_blast.request.json,https://eth-mainnet.public.blastapi.io,2026-10-08T06:57:30.972526+00:00,POST,eth_blast.response.json,,
V02S0159,raw_sources/eth_block_26136690.request.json,https://ethereum-rpc.publicnode.com,2026-10-08T06:58:27.219235+00:00,POST,eth_block_26136690.response.json,,
V02S0160,raw_sources/eth_block_26136691.request.json,https://ethereum-rpc.publicnode.com,2026-10-08T06:58:27.230692+00:00,POST,eth_block_26136691.response.json,,
V02S0161,raw_sources/eth_block_26136796.request.json,https://ethereum-rpc.publicnode.com,2026-10-08T06:58:27.236158+00:00,POST,eth_block_26136796.response.json,,
V02S0162,raw_sources/eth_block_26136798.request.json,https://ethereum-rpc.publicnode.com,2026-10-08T06:58:27.265613+00:00,POST,eth_block_26136798.response.json,,
V02S0163,raw_sources/eth_block_26137044.request.json,https://ethereum-rpc.publicnode.com,2026-10-08T06:58:27.281253+00:00,POST,eth_block_26137044.response.json,,
V02S0164,raw_sources/eth_block_26137045.request.json,https://ethereum-rpc.publicnode.com,2026-10-08T06:58:27.287000+00:00,POST,eth_block_26137045.response.json,,
V02S0165,raw_sources/eth_block_26137291.request.json,https://ethereum-rpc.publicnode.com,2026-10-08T06:58:27.366875+00:00,POST,eth_block_26137291.response.json,,
V02S0166,raw_sources/eth_block_26137314.request.json,https://ethereum-rpc.publicnode.com,2026-10-08T06:58:33.092004+00:00,POST,eth_block_26137314.response.json,,
V02S0167,raw_sources/eth_block_26137327.request.json,https://ethereum-rpc.publicnode.com,2026-10-08T06:58:33.177234+00:00,POST,eth_block_26137327.response.json,,
V02S0168,raw_sources/eth_block_26137337.request.json,https://ethereum-rpc.publicnode.com,2026-10-08T06:58:33.233630+00:00,POST,eth_block_26137337.response.json,,
V02S0169,raw_sources/eth_block_26137375.request.json,https://ethereum-rpc.publicnode.com,2026-10-08T06:58:33.419643+00:00,POST,eth_block_26137375.response.json,,
V02S0170,raw_sources/eth_block_26137376.request.json,https://ethereum-rpc.publicnode.com,2026-10-08T06:58:33.426026+00:00,POST,eth_block_26137376.response.json,,
V02S0171,raw_sources/eth_block_26137377.request.json,https://ethereum-rpc.publicnode.com,2026-10-08T06:58:33.428968+00:00,POST,eth_block_26137377.response.json,,
V02S0172,raw_sources/eth_block_26137383.request.json,https://ethereum-rpc.publicnode.com,2026-10-08T06:58:33.496162+00:00,POST,eth_block_26137383.response.json,,
V02S0173,raw_sources/eth_block_26137469.request.json,https://ethereum-rpc.publicnode.com,2026-10-08T06:58:33.521118+00:00,POST,eth_block_26137469.response.json,,
V02S0174,raw_sources/eth_bridge_block_26136697.request.json,https://ethereum-rpc.publicnode.com,2026-10-08T07:04:14.008243+00:00,POST,eth_bridge_block_26136697.response.json,,
V02S0175,raw_sources/eth_bridge_block_26136700.request.json,https://ethereum-rpc.publicnode.com,2026-10-08T07:04:08.445799+00:00,POST,eth_bridge_block_26136700.response.json,,
V02S0176,raw_sources/eth_bridge_block_26136703.request.json,https://ethereum-rpc.publicnode.com,2026-10-08T07:04:31.122179+00:00,POST,eth_bridge_block_26136703.response.json,,
V02S0177,raw_sources/eth_bridge_block_26136706.request.json,https://ethereum-rpc.publicnode.com,2026-10-08T07:04:42.756078+00:00,POST,eth_bridge_block_26136706.response.json,,
V02S0178,raw_sources/eth_bridge_block_26137048.request.json,https://ethereum-rpc.publicnode.com,2026-10-08T07:04:19.703877+00:00,POST,eth_bridge_block_26137048.response.json,,
V02S0179,raw_sources/eth_bridge_block_26137150.request.json,https://ethereum-rpc.publicnode.com,2026-10-08T07:04:26.663398+00:00,POST,eth_bridge_block_26137150.response.json,,
V02S0180,raw_sources/eth_bridge_block_26137155.request.json,https://ethereum-rpc.publicnode.com,2026-10-08T07:04:36.805896+00:00,POST,eth_bridge_block_26137155.response.json,,
V02S0181,raw_sources/eth_bridge_block_26137189.request.json,https://ethereum-rpc.publicnode.com,2026-10-08T07:04:01.504438+00:00,POST,eth_bridge_block_26137189.response.json,,
V02S0182,raw_sources/eth_bridge_block_26137244.request.json,https://ethereum-rpc.publicnode.com,2026-10-08T07:04:01.352668+00:00,POST,eth_bridge_block_26137244.response.json,,
V02S0183,raw_sources/eth_bridge_block_26137297.request.json,https://ethereum-rpc.publicnode.com,2026-10-08T07:03:53.989781+00:00,POST,eth_bridge_block_26137297.response.json,,
V02S0184,raw_sources/eth_bridge_block_26137303.request.json,https://ethereum-rpc.publicnode.com,2026-10-08T07:04:36.641146+00:00,POST,eth_bridge_block_26137303.response.json,,
V02S0185,raw_sources/eth_bridge_block_26137319.request.json,https://ethereum-rpc.publicnode.com,2026-10-08T07:03:53.980634+00:00,POST,eth_bridge_block_26137319.response.json,,
V02S0186,raw_sources/eth_bridge_block_26137324.request.json,https://ethereum-rpc.publicnode.com,2026-10-08T07:04:36.556922+00:00,POST,eth_bridge_block_26137324.response.json,,
V02S0187,raw_sources/eth_bridge_block_26137335.request.json,https://ethereum-rpc.publicnode.com,2026-10-08T07:04:19.546054+00:00,POST,eth_bridge_block_26137335.response.json,,
V02S0188,raw_sources/eth_bridge_block_26137340.request.json,https://ethereum-rpc.publicnode.com,2026-10-08T07:04:31.034206+00:00,POST,eth_bridge_block_26137340.response.json,,
V02S0189,raw_sources/eth_bridge_block_26137349.request.json,https://ethereum-rpc.publicnode.com,2026-10-08T07:04:01.458220+00:00,POST,eth_bridge_block_26137349.response.json,,
V02S0190,raw_sources/eth_bridge_block_26137356.request.json,https://ethereum-rpc.publicnode.com,2026-10-08T07:04:50.753430+00:00,POST,eth_bridge_block_26137356.response.json,,
V02S0191,raw_sources/eth_bridge_block_26137384.request.json,https://ethereum-rpc.publicnode.com,2026-10-08T07:04:08.514082+00:00,POST,eth_bridge_block_26137384.response.json,,
V02S0192,raw_sources/eth_bridge_block_26137398.request.json,https://ethereum-rpc.publicnode.com,2026-10-08T07:04:50.802571+00:00,POST,eth_bridge_block_26137398.response.json,,
V02S0193,raw_sources/eth_bridge_block_26137415.request.json,https://ethereum-rpc.publicnode.com,2026-10-08T07:04:26.738626+00:00,POST,eth_bridge_block_26137415.response.json,,
V02S0194,raw_sources/eth_bridge_block_26137422.request.json,https://ethereum-rpc.publicnode.com,2026-10-08T07:04:56.446014+00:00,POST,eth_bridge_block_26137422.response.json,,
V02S0195,raw_sources/eth_bridge_block_26137437.request.json,https://ethereum-rpc.publicnode.com,2026-10-08T07:04:26.843174+00:00,POST,eth_bridge_block_26137437.response.json,,
V02S0196,raw_sources/eth_bridge_block_26137443.request.json,https://ethereum-rpc.publicnode.com,2026-10-08T07:04:43.195086+00:00,POST,eth_bridge_block_26137443.response.json,,
V02S0197,raw_sources/eth_bridge_block_26137460.request.json,https://ethereum-rpc.publicnode.com,2026-10-08T07:04:13.839897+00:00,POST,eth_bridge_block_26137460.response.json,,
V02S0198,raw_sources/eth_bridge_block_26137465.request.json,https://ethereum-rpc.publicnode.com,2026-10-08T07:04:42.809805+00:00,POST,eth_bridge_block_26137465.response.json,,
V02S0199,raw_sources/eth_bridge_block_26137467.request.json,https://ethereum-rpc.publicnode.com,2026-10-08T07:04:19.802349+00:00,POST,eth_bridge_block_26137467.response.json,,
V02S0200,raw_sources/eth_bridge_block_26137471.request.json,https://ethereum-rpc.publicnode.com,2026-10-08T07:04:56.641522+00:00,POST,eth_bridge_block_26137471.response.json,,
V02S0201,raw_sources/eth_bridge_block_26137474.request.json,https://ethereum-rpc.publicnode.com,2026-10-08T07:04:08.554090+00:00,POST,eth_bridge_block_26137474.response.json,,
V02S0202,raw_sources/eth_bridge_block_26137480.request.json,https://ethereum-rpc.publicnode.com,2026-10-08T07:04:56.572641+00:00,POST,eth_bridge_block_26137480.response.json,,
V02S0203,raw_sources/eth_cloudflare.request.json,https://cloudflare-eth.com,2026-10-08T06:41:03.705610+00:00,eth_getTransactionCount,,HTTP Error 403: Forbidden,
V02S0204,raw_sources/eth_current_eth_chainId.request.json,https://ethereum-rpc.publicnode.com,2026-10-08T06:58:40.192025+00:00,POST,eth_current_eth_chainId.response.json,,
V02S0205,raw_sources/eth_current_eth_getBalance.request.json,https://ethereum-rpc.publicnode.com,2026-10-08T06:58:40.189790+00:00,POST,eth_current_eth_getBalance.response.json,,
V02S0206,raw_sources/eth_drpc.request.json,https://eth.drpc.org,2026-10-08T06:45:33.973953+00:00,eth_chainId,,HTTP Error 403: Forbidden,
V02S0207,raw_sources/eth_drpc_retry.request.json,https://eth.drpc.org,2026-10-08T06:57:28.616022+00:00,POST,eth_drpc_retry.response.json,,
V02S0208,raw_sources/eth_flashbots.request.json,https://rpc.flashbots.net,2026-10-08T06:57:28.704522+00:00,POST,eth_flashbots.response.json,,
V02S0209,raw_sources/eth_funding_block_26135682.request.json,https://ethereum-rpc.publicnode.com,2026-10-08T07:57:25.838174+00:00,POST,eth_funding_block_26135682.response.json,,
V02S0210,raw_sources/eth_getTransactionByHash_0x02a75634730a041464e30360893b715991640231af5f55ab28435a5a7f3f3a18.request.json,https://ethereum-rpc.publicnode.com,2026-10-08T07:04:56.582619+00:00,POST,eth_getTransactionByHash_0x02a75634730a041464e30360893b715991640231af5f55ab28435a5a7f3f3a18.response.json,,
V02S0211,raw_sources/eth_getTransactionByHash_0x05aa98a030faf4e61ef1794b5adacb1ea5c35e499c26bb07cd1fc4fc776037e7.request.json,https://ethereum-rpc.publicnode.com,2026-10-08T07:04:14.022576+00:00,POST,eth_getTransactionByHash_0x05aa98a030faf4e61ef1794b5adacb1ea5c35e499c26bb07cd1fc4fc776037e7.response.json,,
V02S0212,raw_sources/eth_getTransactionByHash_0x0b6a877380470ecac266e5246f6c975a530ffb1c153845771b60068761363b80.request.json,https://ethereum-rpc.publicnode.com,2026-10-08T06:59:49.914404+00:00,POST,eth_getTransactionByHash_0x0b6a877380470ecac266e5246f6c975a530ffb1c153845771b60068761363b80.response.json,,
V02S0213,raw_sources/eth_getTransactionByHash_0x1568bec4f8813938c3a716ba37feac8dc29d93459d6cd894f21b9fb0e2a63102.request.json,https://ethereum-rpc.publicnode.com,2026-10-08T07:04:36.844585+00:00,POST,eth_getTransactionByHash_0x1568bec4f8813938c3a716ba37feac8dc29d93459d6cd894f21b9fb0e2a63102.response.json,,
V02S0214,raw_sources/eth_getTransactionByHash_0x1845f4786137bfca9b6dbcaff87e95b867e02c0c79aca1e158f475f61747690f.request.json,https://ethereum-rpc.publicnode.com,2026-10-08T07:04:08.459529+00:00,POST,eth_getTransactionByHash_0x1845f4786137bfca9b6dbcaff87e95b867e02c0c79aca1e158f475f61747690f.response.json,,
V02S0215,raw_sources/eth_getTransactionByHash_0x1c11dd43f8f19a4b6edde47ae3f4648617337d9df000a645b8d827b051e621b3.request.json,https://ethereum-rpc.publicnode.com,2026-10-08T06:58:09.737869+00:00,POST,eth_getTransactionByHash_0x1c11dd43f8f19a4b6edde47ae3f4648617337d9df000a645b8d827b051e621b3.response.json,,
V02S0216,raw_sources/eth_getTransactionByHash_0x1ccc5f8252b7526196559af98022083107cda7317c787e8a3d511d88b8eef11f.request.json,https://ethereum-rpc.publicnode.com,2026-10-08T07:04:30.950833+00:00,POST,eth_getTransactionByHash_0x1ccc5f8252b7526196559af98022083107cda7317c787e8a3d511d88b8eef11f.response.json,,
V02S0217,raw_sources/eth_getTransactionByHash_0x204c2bf7375b0d44cc648f630a09a9c32e93fe8cedc416f6587012c2afa7cc99.request.json,https://ethereum-rpc.publicnode.com,2026-10-08T06:58:02.487365+00:00,POST,eth_getTransactionByHash_0x204c2bf7375b0d44cc648f630a09a9c32e93fe8cedc416f6587012c2afa7cc99.response.json,,
V02S0218,raw_sources/eth_getTransactionByHash_0x256e23f3f796ae3e894d53dc55e00c10f4587342bad1a548611e26bf888b8598.request.json,https://ethereum-rpc.publicnode.com,2026-10-08T06:58:16.594782+00:00,POST,eth_getTransactionByHash_0x256e23f3f796ae3e894d53dc55e00c10f4587342bad1a548611e26bf888b8598.response.json,,
V02S0219,raw_sources/eth_getTransactionByHash_0x2b422b1831483eb9158ef56d9faed48e150d907e5773e4b97f6d8147cc5204c3.request.json,https://ethereum-rpc.publicnode.com,2026-10-08T07:00:23.972321+00:00,POST,eth_getTransactionByHash_0x2b422b1831483eb9158ef56d9faed48e150d907e5773e4b97f6d8147cc5204c3.response.json,,
V02S0220,raw_sources/eth_getTransactionByHash_0x321064d6fcab77a911a2af5d452269588e621c590796716f5fa9f7528dd7f32a.request.json,https://ethereum-rpc.publicnode.com,2026-10-08T07:04:50.757435+00:00,POST,eth_getTransactionByHash_0x321064d6fcab77a911a2af5d452269588e621c590796716f5fa9f7528dd7f32a.response.json,,
V02S0221,raw_sources/eth_getTransactionByHash_0x33590b022e2f09bc824f0d6c94a6586941096faca9c21f497004ee20f4c61f62.request.json,https://ethereum-rpc.publicnode.com,2026-10-08T07:04:08.539782+00:00,POST,eth_getTransactionByHash_0x33590b022e2f09bc824f0d6c94a6586941096faca9c21f497004ee20f4c61f62.response.json,,
V02S0222,raw_sources/eth_getTransactionByHash_0x34fa1689d4c5f1536fa1d31a2551999de672a0433d06f2a04297c3ac4c105ca0.request.json,https://ethereum-rpc.publicnode.com,2026-10-08T06:58:24.024966+00:00,POST,eth_getTransactionByHash_0x34fa1689d4c5f1536fa1d31a2551999de672a0433d06f2a04297c3ac4c105ca0.response.json,,
V02S0223,raw_sources/eth_getTransactionByHash_0x3789975ee044ca6f6a17a2522491152528c644ebc74760ba808c03284acd5d3d.request.json,https://ethereum-rpc.publicnode.com,2026-10-08T06:58:09.446821+00:00,POST,eth_getTransactionByHash_0x3789975ee044ca6f6a17a2522491152528c644ebc74760ba808c03284acd5d3d.response.json,,
V02S0224,raw_sources/eth_getTransactionByHash_0x37bdacbff2fb780c54fd65a79234ef73ada43510d4f7e94f95da95124f97506c.request.json,https://ethereum-rpc.publicnode.com,2026-10-08T06:58:21.738286+00:00,POST,eth_getTransactionByHash_0x37bdacbff2fb780c54fd65a79234ef73ada43510d4f7e94f95da95124f97506c.response.json,,
V02S0225,raw_sources/eth_getTransactionByHash_0x3902c808cd20136c203bb596b194df239d86ad7d7f92abd27144554ecf96b310.request.json,https://ethereum-rpc.publicnode.com,2026-10-08T06:58:09.821740+00:00,POST,eth_getTransactionByHash_0x3902c808cd20136c203bb596b194df239d86ad7d7f92abd27144554ecf96b310.response.json,,
V02S0226,raw_sources/eth_getTransactionByHash_0x3b55306138fd68b7a3863aa8ac29cdf786f4807deb4e36ed237671b59220d988.request.json,https://ethereum-rpc.publicnode.com,2026-10-08T07:00:24.093722+00:00,POST,eth_getTransactionByHash_0x3b55306138fd68b7a3863aa8ac29cdf786f4807deb4e36ed237671b59220d988.response.json,,
V02S0227,raw_sources/eth_getTransactionByHash_0x3d417a0ebec865a9889dd5469fd14532a48a0b36c3a145e54230364532944252.request.json,https://ethereum-rpc.publicnode.com,2026-10-08T07:00:17.308238+00:00,POST,eth_getTransactionByHash_0x3d417a0ebec865a9889dd5469fd14532a48a0b36c3a145e54230364532944252.response.json,,
V02S0228,raw_sources/eth_getTransactionByHash_0x40b2dbfa574a55c164af13c1d15f37479d43bd40f17745500b7d6a24fb5aba2d.request.json,https://ethereum-rpc.publicnode.com,2026-10-08T06:58:06.009712+00:00,POST,eth_getTransactionByHash_0x40b2dbfa574a55c164af13c1d15f37479d43bd40f17745500b7d6a24fb5aba2d.response.json,,
V02S0229,raw_sources/eth_getTransactionByHash_0x53a336aa47086e3931740bc2370f2eb825a03c7e2a54731104e2543fafbe6a60.request.json,https://ethereum-rpc.publicnode.com,2026-10-08T07:04:26.698142+00:00,POST,eth_getTransactionByHash_0x53a336aa47086e3931740bc2370f2eb825a03c7e2a54731104e2543fafbe6a60.response.json,,
V02S0230,raw_sources/eth_getTransactionByHash_0x54ef8bb24152d4dbeb87ee2dcd754386d6d73e814058caa1295f95a612011b26.request.json,https://ethereum-rpc.publicnode.com,2026-10-08T06:58:02.511908+00:00,POST,eth_getTransactionByHash_0x54ef8bb24152d4dbeb87ee2dcd754386d6d73e814058caa1295f95a612011b26.response.json,,
V02S0231,raw_sources/eth_getTransactionByHash_0x5ae46f2541d52f0f1b907c6a02ebe6cd71f3525a4ee3e6bbfe8d8341661f7ce9.request.json,https://ethereum-rpc.publicnode.com,2026-10-08T07:00:36.359022+00:00,POST,eth_getTransactionByHash_0x5ae46f2541d52f0f1b907c6a02ebe6cd71f3525a4ee3e6bbfe8d8341661f7ce9.response.json,,
V02S0232,raw_sources/eth_getTransactionByHash_0x5b8ab3e41fe8eb1ababc70fee036100af41e9afa9588c8a53ba99bec25c3530b.request.json,https://ethereum-rpc.publicnode.com,2026-10-08T07:00:42.558333+00:00,POST,eth_getTransactionByHash_0x5b8ab3e41fe8eb1ababc70fee036100af41e9afa9588c8a53ba99bec25c3530b.response.json,,
V02S0233,raw_sources/eth_getTransactionByHash_0x5c9449cc0171f3c99132a640d9e9a5316343a8cc6d3a03d9575e11c1d7be42bb.request.json,https://ethereum-rpc.publicnode.com,2026-10-08T06:58:21.669822+00:00,POST,eth_getTransactionByHash_0x5c9449cc0171f3c99132a640d9e9a5316343a8cc6d3a03d9575e11c1d7be42bb.response.json,,
V02S0234,raw_sources/eth_getTransactionByHash_0x5d6b414f8b7ecdcee5ffdb378ceb3de228cec732037437d759900ed7b34d1b1a.request.json,https://ethereum-rpc.publicnode.com,2026-10-08T07:01:03.501953+00:00,POST,eth_getTransactionByHash_0x5d6b414f8b7ecdcee5ffdb378ceb3de228cec732037437d759900ed7b34d1b1a.response.json,,
V02S0235,raw_sources/eth_getTransactionByHash_0x60f111e77801bdfa77b897903cb5b586562adcb34de9ba3cac72bd96bd25240c.request.json,https://ethereum-rpc.publicnode.com,2026-10-08T06:58:21.781197+00:00,POST,eth_getTransactionByHash_0x60f111e77801bdfa77b897903cb5b586562adcb34de9ba3cac72bd96bd25240c.response.json,,
V02S0236,raw_sources/eth_getTransactionByHash_0x65e404d100a133897a6d8f85fa6da334e0830e9f61c371b97edd1c633d686658.request.json,https://ethereum-rpc.publicnode.com,2026-10-08T07:03:53.984131+00:00,POST,eth_getTransactionByHash_0x65e404d100a133897a6d8f85fa6da334e0830e9f61c371b97edd1c633d686658.response.json,,
V02S0237,raw_sources/eth_getTransactionByHash_0x6a0ea3e332600ed01ce57d9d25e2f7ac117b411b084011906038cc8b48f39ae2.request.json,https://ethereum-rpc.publicnode.com,2026-10-08T07:00:01.696784+00:00,POST,eth_getTransactionByHash_0x6a0ea3e332600ed01ce57d9d25e2f7ac117b411b084011906038cc8b48f39ae2.response.json,,
V02S0238,raw_sources/eth_getTransactionByHash_0x6af96ed173b572ab313de0e061c94572d7c4db07552c770d1b583a692269526f.request.json,https://ethereum-rpc.publicnode.com,2026-10-08T07:04:01.513478+00:00,POST,eth_getTransactionByHash_0x6af96ed173b572ab313de0e061c94572d7c4db07552c770d1b583a692269526f.response.json,,
V02S0239,raw_sources/eth_getTransactionByHash_0x6eea8dafb3153339f5e3b558afec6c6a7c91ba0d3e3f4f11b106049f117f52d4.request.json,https://ethereum-rpc.publicnode.com,2026-10-08T06:58:15.805257+00:00,POST,eth_getTransactionByHash_0x6eea8dafb3153339f5e3b558afec6c6a7c91ba0d3e3f4f11b106049f117f52d4.response.json,,
V02S0240,raw_sources/eth_getTransactionByHash_0x74fde4a6ce17dc1628fd6f3dd7099e86037aba987d74e9b189df2d25b6e2b06f.request.json,https://ethereum-rpc.publicnode.com,2026-10-08T06:59:56.264742+00:00,POST,eth_getTransactionByHash_0x74fde4a6ce17dc1628fd6f3dd7099e86037aba987d74e9b189df2d25b6e2b06f.response.json,,
V02S0241,raw_sources/eth_getTransactionByHash_0x7768d5b0506bf88fbc4c5d94f51eb8fff49dc67d55fd1d632811f8ce78087b8c.request.json,https://ethereum-rpc.publicnode.com,2026-10-08T07:00:17.354235+00:00,POST,eth_getTransactionByHash_0x7768d5b0506bf88fbc4c5d94f51eb8fff49dc67d55fd1d632811f8ce78087b8c.response.json,,
V02S0242,raw_sources/eth_getTransactionByHash_0x7873e900cc196ea94a7c671f7f299fe6842412e6048fac07411655e1161ec9cf.request.json,https://ethereum-rpc.publicnode.com,2026-10-08T07:00:30.751373+00:00,POST,eth_getTransactionByHash_0x7873e900cc196ea94a7c671f7f299fe6842412e6048fac07411655e1161ec9cf.response.json,,
V02S0243,raw_sources/eth_getTransactionByHash_0x7934a9f4945e9a8499d7967a922ccf8bd54f5c38c642d22b506c34edf24dd663.request.json,https://ethereum-rpc.publicnode.com,2026-10-08T07:00:48.436656+00:00,POST,eth_getTransactionByHash_0x7934a9f4945e9a8499d7967a922ccf8bd54f5c38c642d22b506c34edf24dd663.response.json,,
V02S0244,raw_sources/eth_getTransactionByHash_0x794649aaa990c10f12c40b94d4d198280abb2645e134bf5a4fcede4cb098a405.request.json,https://ethereum-rpc.publicnode.com,2026-10-08T07:00:30.667075+00:00,POST,eth_getTransactionByHash_0x794649aaa990c10f12c40b94d4d198280abb2645e134bf5a4fcede4cb098a405.response.json,,
V02S0245,raw_sources/eth_getTransactionByHash_0x80ab8c8f7bd7441f929a6a56a3fc54a08c6c8f3f226f7ae9a63620d376e94edd.request.json,https://ethereum-rpc.publicnode.com,2026-10-08T07:03:53.995146+00:00,POST,eth_getTransactionByHash_0x80ab8c8f7bd7441f929a6a56a3fc54a08c6c8f3f226f7ae9a63620d376e94edd.response.json,,
V02S0246,raw_sources/eth_getTransactionByHash_0x82baf0241ef2cbaa4d05cf1a5279705a330ec2cb27054f782f3b602697475d8f.request.json,https://ethereum-rpc.publicnode.com,2026-10-08T07:00:09.223409+00:00,POST,eth_getTransactionByHash_0x82baf0241ef2cbaa4d05cf1a5279705a330ec2cb27054f782f3b602697475d8f.response.json,,
V02S0247,raw_sources/eth_getTransactionByHash_0x85ac8c0202089c79a04a9f91a7e17b37144b4c1b74af4295da23e2969d4b352a.request.json,https://ethereum-rpc.publicnode.com,2026-10-08T07:00:57.505072+00:00,POST,eth_getTransactionByHash_0x85ac8c0202089c79a04a9f91a7e17b37144b4c1b74af4295da23e2969d4b352a.response.json,,
V02S0248,raw_sources/eth_getTransactionByHash_0x8c0803288283195b973a6587507e6d02884b60241b63dad310c0a08c8c76871a.request.json,https://ethereum-rpc.publicnode.com,2026-10-08T07:04:42.833056+00:00,POST,eth_getTransactionByHash_0x8c0803288283195b973a6587507e6d02884b60241b63dad310c0a08c8c76871a.response.json,,
V02S0249,raw_sources/eth_getTransactionByHash_0x8d9c1f92bb72579372e43ca8a47bb1787c8d652ffd366deb9a99d81a1f45a084.request.json,https://ethereum-rpc.publicnode.com,2026-10-08T07:04:50.899454+00:00,POST,eth_getTransactionByHash_0x8d9c1f92bb72579372e43ca8a47bb1787c8d652ffd366deb9a99d81a1f45a084.response.json,,
V02S0250,raw_sources/eth_getTransactionByHash_0x8f56b541b6b62d85daa33b6d5bdca787f255a036fa047ba8aab878fb6a8594c3.request.json,https://ethereum-rpc.publicnode.com,2026-10-08T07:03:53.969051+00:00,POST,eth_getTransactionByHash_0x8f56b541b6b62d85daa33b6d5bdca787f255a036fa047ba8aab878fb6a8594c3.response.json,,
V02S0251,raw_sources/eth_getTransactionByHash_0x94a897e1ccac338de2846a207179eaf0dd11aee71adb8e0cc934ea5ad5f3c388.request.json,https://ethereum-rpc.publicnode.com,2026-10-08T06:58:02.499653+00:00,POST,eth_getTransactionByHash_0x94a897e1ccac338de2846a207179eaf0dd11aee71adb8e0cc934ea5ad5f3c388.response.json,,
V02S0252,raw_sources/eth_getTransactionByHash_0xa7da5d044b2a34fd2105862dfed7b947254bd7ff12d7567e91be48d649f18d3c.request.json,https://ethereum-rpc.publicnode.com,2026-10-08T07:04:31.144050+00:00,POST,eth_getTransactionByHash_0xa7da5d044b2a34fd2105862dfed7b947254bd7ff12d7567e91be48d649f18d3c.response.json,,
V02S0253,raw_sources/eth_getTransactionByHash_0xa8b7de369a499a844c12f59905ef4c52386272b10aac66d9e3aeeaa9d02a145b.request.json,https://ethereum-rpc.publicnode.com,2026-10-08T07:00:42.425774+00:00,POST,eth_getTransactionByHash_0xa8b7de369a499a844c12f59905ef4c52386272b10aac66d9e3aeeaa9d02a145b.response.json,,
V02S0254,raw_sources/eth_getTransactionByHash_0xaedc189291428449d48139f7e9866653f2d3c7ff6bb6150836ffc4b135369e2e.request.json,https://ethereum-rpc.publicnode.com,2026-10-08T07:00:36.447036+00:00,POST,eth_getTransactionByHash_0xaedc189291428449d48139f7e9866653f2d3c7ff6bb6150836ffc4b135369e2e.response.json,,
V02S0255,raw_sources/eth_getTransactionByHash_0xb3681554b8220d486dd3990666dd35115f3df6b7b409705bacfe334fa4bc05e8.request.json,https://ethereum-rpc.publicnode.com,2026-10-08T07:00:01.449981+00:00,POST,eth_getTransactionByHash_0xb3681554b8220d486dd3990666dd35115f3df6b7b409705bacfe334fa4bc05e8.response.json,,
V02S0256,raw_sources/eth_getTransactionByHash_0xb60239f3be4f4f246bb5e7b6324a91b487af6f60b9aebc199da6b1e74f8fa81a.request.json,https://ethereum-rpc.publicnode.com,2026-10-08T07:04:01.462094+00:00,POST,eth_getTransactionByHash_0xb60239f3be4f4f246bb5e7b6324a91b487af6f60b9aebc199da6b1e74f8fa81a.response.json,,
V02S0257,raw_sources/eth_getTransactionByHash_0xb644bf8e644a1195ad838180fd015f88938a8664128b9e0ad1e7b4a5eebe2198.request.json,https://ethereum-rpc.publicnode.com,2026-10-08T06:59:10.141712+00:00,POST,eth_getTransactionByHash_0xb644bf8e644a1195ad838180fd015f88938a8664128b9e0ad1e7b4a5eebe2198.response.json,,
V02S0258,raw_sources/eth_getTransactionByHash_0xb702d3f24586a8f8c74530573e17609b43fa18c088e11c2591cd5c6eb5a49ea6.request.json,https://ethereum-rpc.publicnode.com,2026-10-08T06:58:13.038017+00:00,POST,eth_getTransactionByHash_0xb702d3f24586a8f8c74530573e17609b43fa18c088e11c2591cd5c6eb5a49ea6.response.json,,
V02S0259,raw_sources/eth_getTransactionByHash_0xba287a4b921f1280694f005aee33a08939c1a8cafd4a30ba4251384c87a99818.request.json,https://ethereum-rpc.publicnode.com,2026-10-08T07:04:42.770079+00:00,POST,eth_getTransactionByHash_0xba287a4b921f1280694f005aee33a08939c1a8cafd4a30ba4251384c87a99818.response.json,,
V02S0260,raw_sources/eth_getTransactionByHash_0xbee5625019a5eabaefb69384016b22b4db5ab65a1e2fb3233b84528127b1a44e.request.json,https://ethereum-rpc.publicnode.com,2026-10-08T07:04:13.849975+00:00,POST,eth_getTransactionByHash_0xbee5625019a5eabaefb69384016b22b4db5ab65a1e2fb3233b84528127b1a44e.response.json,,
V02S0261,raw_sources/eth_getTransactionByHash_0xc12c2c3229df0e77ae5e5bfc25bc371b736c54d0a9f43ec031a3393b9840eafa.request.json,https://ethereum-rpc.publicnode.com,2026-10-08T07:04:13.690662+00:00,POST,eth_getTransactionByHash_0xc12c2c3229df0e77ae5e5bfc25bc371b736c54d0a9f43ec031a3393b9840eafa.response.json,,
V02S0262,raw_sources/eth_getTransactionByHash_0xc6be781b6e8f3da34d4e6d6bf3311af39b61cd8681666dd08585c797b795dceb.request.json,https://ethereum-rpc.publicnode.com,2026-10-08T07:04:36.583273+00:00,POST,eth_getTransactionByHash_0xc6be781b6e8f3da34d4e6d6bf3311af39b61cd8681666dd08585c797b795dceb.response.json,,
V02S0263,raw_sources/eth_getTransactionByHash_0xcb2039fffcaa68d8526f2bce2d492bbd595168d9bc3c73c9dcf7d8b27561df77.request.json,https://ethereum-rpc.publicnode.com,2026-10-08T07:04:36.763194+00:00,POST,eth_getTransactionByHash_0xcb2039fffcaa68d8526f2bce2d492bbd595168d9bc3c73c9dcf7d8b27561df77.response.json,,
V02S0264,raw_sources/eth_getTransactionByHash_0xcff34a0c22261839ef69e4039ad6726e01fc95663bdc192d21bf35699d7883a3.request.json,https://ethereum-rpc.publicnode.com,2026-10-08T07:00:57.623503+00:00,POST,eth_getTransactionByHash_0xcff34a0c22261839ef69e4039ad6726e01fc95663bdc192d21bf35699d7883a3.response.json,,
V02S0265,raw_sources/eth_getTransactionByHash_0xd660af041faddd964b1d59cecc709beeb9e425282ab93a4d8f229455af69ff37.request.json,https://ethereum-rpc.publicnode.com,2026-10-08T07:00:48.267087+00:00,POST,eth_getTransactionByHash_0xd660af041faddd964b1d59cecc709beeb9e425282ab93a4d8f229455af69ff37.response.json,,
V02S0266,raw_sources/eth_getTransactionByHash_0xdc868a5f0a211154b818dc96ff8a0e5a8ef2b7a26ef4cc0ed66a6b18a49f4362.request.json,https://ethereum-rpc.publicnode.com,2026-10-08T07:04:50.744773+00:00,POST,eth_getTransactionByHash_0xdc868a5f0a211154b818dc96ff8a0e5a8ef2b7a26ef4cc0ed66a6b18a49f4362.response.json,,
V02S0267,raw_sources/eth_getTransactionByHash_0xe002d973edd8363629247cad55588e5a49cdb7bd5c089d2da0de32766b12c8f8.request.json,https://ethereum-rpc.publicnode.com,2026-10-08T07:04:19.585254+00:00,POST,eth_getTransactionByHash_0xe002d973edd8363629247cad55588e5a49cdb7bd5c089d2da0de32766b12c8f8.response.json,,
V02S0268,raw_sources/eth_getTransactionByHash_0xe92d9f816ec06f36e69c38d17f818a9ca466127049595147a77009a9d4f4e6a3.request.json,https://ethereum-rpc.publicnode.com,2026-10-08T07:00:09.116940+00:00,POST,eth_getTransactionByHash_0xe92d9f816ec06f36e69c38d17f818a9ca466127049595147a77009a9d4f4e6a3.response.json,,
V02S0269,raw_sources/eth_getTransactionByHash_0xeae8e79dc52d61aa040e0ca8066da898b46de6cbe9205e34760a094000c35268.request.json,https://ethereum-rpc.publicnode.com,2026-10-08T07:04:26.808634+00:00,POST,eth_getTransactionByHash_0xeae8e79dc52d61aa040e0ca8066da898b46de6cbe9205e34760a094000c35268.response.json,,
V02S0270,raw_sources/eth_getTransactionByHash_0xeb61708b358adfb0bae70d3972d65e0e754a027e1bbb1cdf46d33d47c4481dbd.request.json,https://ethereum-rpc.publicnode.com,2026-10-08T06:58:15.671809+00:00,POST,eth_getTransactionByHash_0xeb61708b358adfb0bae70d3972d65e0e754a027e1bbb1cdf46d33d47c4481dbd.response.json,,
V02S0271,raw_sources/eth_getTransactionByHash_0xebe14ec7d07afca402f002199e0334725f7db87ade15e97790a97b155d75acbe.request.json,https://ethereum-rpc.publicnode.com,2026-10-08T06:59:49.948126+00:00,POST,eth_getTransactionByHash_0xebe14ec7d07afca402f002199e0334725f7db87ade15e97790a97b155d75acbe.response.json,,
V02S0272,raw_sources/eth_getTransactionByHash_0xed4aa353342022def93669e8a4d8919ddbb7c0ee6d3b384c3184ca3584c72228.request.json,https://ethereum-rpc.publicnode.com,2026-10-08T07:04:01.362728+00:00,POST,eth_getTransactionByHash_0xed4aa353342022def93669e8a4d8919ddbb7c0ee6d3b384c3184ca3584c72228.response.json,,
V02S0273,raw_sources/eth_getTransactionByHash_0xedfd6d0be46db66dcf6f3e9d60875c766ec164f1a3339408fe703bc5e9427ce5.request.json,https://ethereum-rpc.publicnode.com,2026-10-08T07:04:19.851146+00:00,POST,eth_getTransactionByHash_0xedfd6d0be46db66dcf6f3e9d60875c766ec164f1a3339408fe703bc5e9427ce5.response.json,,
V02S0274,raw_sources/eth_getTransactionByHash_0xeeea9c1a1aef96812de9e651032492397148eef17949df9b27c0f62fad2ebc2c.request.json,https://ethereum-rpc.publicnode.com,2026-10-08T06:59:56.440691+00:00,POST,eth_getTransactionByHash_0xeeea9c1a1aef96812de9e651032492397148eef17949df9b27c0f62fad2ebc2c.response.json,,
V02S0275,raw_sources/eth_getTransactionByHash_0xefa46658dead085751916c1368ed2590d72fa34dce36abf5c6b5a8cbcfc0d624.request.json,https://ethereum-rpc.publicnode.com,2026-10-08T07:04:56.473088+00:00,POST,eth_getTransactionByHash_0xefa46658dead085751916c1368ed2590d72fa34dce36abf5c6b5a8cbcfc0d624.response.json,,
V02S0276,raw_sources/eth_getTransactionByHash_0xfcb48122a88a05ff532740232531d385326fc8cde8ed6d317b1474a675060695.request.json,https://ethereum-rpc.publicnode.com,2026-10-08T07:04:19.765626+00:00,POST,eth_getTransactionByHash_0xfcb48122a88a05ff532740232531d385326fc8cde8ed6d317b1474a675060695.response.json,,
V02S0277,raw_sources/eth_getTransactionByHash_0xffa889a9c07aebbe1a74d9398cd418beaf7f624036b875613105502fc0d2c6de.request.json,https://ethereum-rpc.publicnode.com,2026-10-08T07:04:31.044517+00:00,POST,eth_getTransactionByHash_0xffa889a9c07aebbe1a74d9398cd418beaf7f624036b875613105502fc0d2c6de.response.json,,
V02S0278,raw_sources/eth_getTransactionReceipt_0x02a75634730a041464e30360893b715991640231af5f55ab28435a5a7f3f3a18.request.json,https://ethereum-rpc.publicnode.com,2026-10-08T07:04:56.596851+00:00,POST,eth_getTransactionReceipt_0x02a75634730a041464e30360893b715991640231af5f55ab28435a5a7f3f3a18.response.json,,
V02S0279,raw_sources/eth_getTransactionReceipt_0x05aa98a030faf4e61ef1794b5adacb1ea5c35e499c26bb07cd1fc4fc776037e7.request.json,https://ethereum-rpc.publicnode.com,2026-10-08T07:04:14.028197+00:00,POST,eth_getTransactionReceipt_0x05aa98a030faf4e61ef1794b5adacb1ea5c35e499c26bb07cd1fc4fc776037e7.response.json,,
V02S0280,raw_sources/eth_getTransactionReceipt_0x0b6a877380470ecac266e5246f6c975a530ffb1c153845771b60068761363b80.request.json,https://ethereum-rpc.publicnode.com,2026-10-08T06:59:49.927654+00:00,POST,eth_getTransactionReceipt_0x0b6a877380470ecac266e5246f6c975a530ffb1c153845771b60068761363b80.response.json,,
V02S0281,raw_sources/eth_getTransactionReceipt_0x1568bec4f8813938c3a716ba37feac8dc29d93459d6cd894f21b9fb0e2a63102.request.json,https://ethereum-rpc.publicnode.com,2026-10-08T07:04:42.747088+00:00,POST,eth_getTransactionReceipt_0x1568bec4f8813938c3a716ba37feac8dc29d93459d6cd894f21b9fb0e2a63102.response.json,,
V02S0282,raw_sources/eth_getTransactionReceipt_0x1845f4786137bfca9b6dbcaff87e95b867e02c0c79aca1e158f475f61747690f.request.json,https://ethereum-rpc.publicnode.com,2026-10-08T07:04:08.495171+00:00,POST,eth_getTransactionReceipt_0x1845f4786137bfca9b6dbcaff87e95b867e02c0c79aca1e158f475f61747690f.response.json,,
V02S0283,raw_sources/eth_getTransactionReceipt_0x1c11dd43f8f19a4b6edde47ae3f4648617337d9df000a645b8d827b051e621b3.request.json,https://ethereum-rpc.publicnode.com,2026-10-08T06:58:09.788101+00:00,POST,eth_getTransactionReceipt_0x1c11dd43f8f19a4b6edde47ae3f4648617337d9df000a645b8d827b051e621b3.response.json,,
V02S0284,raw_sources/eth_getTransactionReceipt_0x1ccc5f8252b7526196559af98022083107cda7317c787e8a3d511d88b8eef11f.request.json,https://ethereum-rpc.publicnode.com,2026-10-08T07:04:31.023044+00:00,POST,eth_getTransactionReceipt_0x1ccc5f8252b7526196559af98022083107cda7317c787e8a3d511d88b8eef11f.response.json,,
V02S0285,raw_sources/eth_getTransactionReceipt_0x204c2bf7375b0d44cc648f630a09a9c32e93fe8cedc416f6587012c2afa7cc99.request.json,https://ethereum-rpc.publicnode.com,2026-10-08T06:58:02.491283+00:00,POST,eth_getTransactionReceipt_0x204c2bf7375b0d44cc648f630a09a9c32e93fe8cedc416f6587012c2afa7cc99.response.json,,
V02S0286,raw_sources/eth_getTransactionReceipt_0x256e23f3f796ae3e894d53dc55e00c10f4587342bad1a548611e26bf888b8598.request.json,https://ethereum-rpc.publicnode.com,2026-10-08T06:58:20.053470+00:00,POST,eth_getTransactionReceipt_0x256e23f3f796ae3e894d53dc55e00c10f4587342bad1a548611e26bf888b8598.response.json,,
V02S0287,raw_sources/eth_getTransactionReceipt_0x2b422b1831483eb9158ef56d9faed48e150d907e5773e4b97f6d8147cc5204c3.request.json,https://ethereum-rpc.publicnode.com,2026-10-08T07:00:23.974848+00:00,POST,eth_getTransactionReceipt_0x2b422b1831483eb9158ef56d9faed48e150d907e5773e4b97f6d8147cc5204c3.response.json,,
V02S0288,raw_sources/eth_getTransactionReceipt_0x321064d6fcab77a911a2af5d452269588e621c590796716f5fa9f7528dd7f32a.request.json,https://ethereum-rpc.publicnode.com,2026-10-08T07:04:50.762538+00:00,POST,eth_getTransactionReceipt_0x321064d6fcab77a911a2af5d452269588e621c590796716f5fa9f7528dd7f32a.response.json,,
V02S0289,raw_sources/eth_getTransactionReceipt_0x33590b022e2f09bc824f0d6c94a6586941096faca9c21f497004ee20f4c61f62.request.json,https://ethereum-rpc.publicnode.com,2026-10-08T07:04:08.546436+00:00,POST,eth_getTransactionReceipt_0x33590b022e2f09bc824f0d6c94a6586941096faca9c21f497004ee20f4c61f62.response.json,,
V02S0290,raw_sources/eth_getTransactionReceipt_0x34fa1689d4c5f1536fa1d31a2551999de672a0433d06f2a04297c3ac4c105ca0.request.json,https://ethereum-rpc.publicnode.com,2026-10-08T06:58:27.196150+00:00,POST,eth_getTransactionReceipt_0x34fa1689d4c5f1536fa1d31a2551999de672a0433d06f2a04297c3ac4c105ca0.response.json,,
V02S0291,raw_sources/eth_getTransactionReceipt_0x3789975ee044ca6f6a17a2522491152528c644ebc74760ba808c03284acd5d3d.request.json,https://ethereum-rpc.publicnode.com,2026-10-08T06:58:09.457286+00:00,POST,eth_getTransactionReceipt_0x3789975ee044ca6f6a17a2522491152528c644ebc74760ba808c03284acd5d3d.response.json,,
V02S0292,raw_sources/eth_getTransactionReceipt_0x37bdacbff2fb780c54fd65a79234ef73ada43510d4f7e94f95da95124f97506c.request.json,https://ethereum-rpc.publicnode.com,2026-10-08T06:58:21.748351+00:00,POST,eth_getTransactionReceipt_0x37bdacbff2fb780c54fd65a79234ef73ada43510d4f7e94f95da95124f97506c.response.json,,
V02S0293,raw_sources/eth_getTransactionReceipt_0x3902c808cd20136c203bb596b194df239d86ad7d7f92abd27144554ecf96b310.request.json,https://ethereum-rpc.publicnode.com,2026-10-08T06:58:09.832647+00:00,POST,eth_getTransactionReceipt_0x3902c808cd20136c203bb596b194df239d86ad7d7f92abd27144554ecf96b310.response.json,,
V02S0294,raw_sources/eth_getTransactionReceipt_0x3b55306138fd68b7a3863aa8ac29cdf786f4807deb4e36ed237671b59220d988.request.json,https://ethereum-rpc.publicnode.com,2026-10-08T07:00:24.137144+00:00,POST,eth_getTransactionReceipt_0x3b55306138fd68b7a3863aa8ac29cdf786f4807deb4e36ed237671b59220d988.response.json,,
V02S0295,raw_sources/eth_getTransactionReceipt_0x3d417a0ebec865a9889dd5469fd14532a48a0b36c3a145e54230364532944252.request.json,https://ethereum-rpc.publicnode.com,2026-10-08T07:00:17.312632+00:00,POST,eth_getTransactionReceipt_0x3d417a0ebec865a9889dd5469fd14532a48a0b36c3a145e54230364532944252.response.json,,
V02S0296,raw_sources/eth_getTransactionReceipt_0x40b2dbfa574a55c164af13c1d15f37479d43bd40f17745500b7d6a24fb5aba2d.request.json,https://ethereum-rpc.publicnode.com,2026-10-08T06:58:06.053328+00:00,POST,eth_getTransactionReceipt_0x40b2dbfa574a55c164af13c1d15f37479d43bd40f17745500b7d6a24fb5aba2d.response.json,,
V02S0297,raw_sources/eth_getTransactionReceipt_0x53a336aa47086e3931740bc2370f2eb825a03c7e2a54731104e2543fafbe6a60.request.json,https://ethereum-rpc.publicnode.com,2026-10-08T07:04:26.708968+00:00,POST,eth_getTransactionReceipt_0x53a336aa47086e3931740bc2370f2eb825a03c7e2a54731104e2543fafbe6a60.response.json,,
V02S0298,raw_sources/eth_getTransactionReceipt_0x54ef8bb24152d4dbeb87ee2dcd754386d6d73e814058caa1295f95a612011b26.request.json,https://ethereum-rpc.publicnode.com,2026-10-08T06:58:05.918133+00:00,POST,eth_getTransactionReceipt_0x54ef8bb24152d4dbeb87ee2dcd754386d6d73e814058caa1295f95a612011b26.response.json,,
V02S0299,raw_sources/eth_getTransactionReceipt_0x5ae46f2541d52f0f1b907c6a02ebe6cd71f3525a4ee3e6bbfe8d8341661f7ce9.request.json,https://ethereum-rpc.publicnode.com,2026-10-08T07:00:36.407135+00:00,POST,eth_getTransactionReceipt_0x5ae46f2541d52f0f1b907c6a02ebe6cd71f3525a4ee3e6bbfe8d8341661f7ce9.response.json,,
V02S0300,raw_sources/eth_getTransactionReceipt_0x5b8ab3e41fe8eb1ababc70fee036100af41e9afa9588c8a53ba99bec25c3530b.request.json,https://ethereum-rpc.publicnode.com,2026-10-08T07:00:42.564707+00:00,POST,eth_getTransactionReceipt_0x5b8ab3e41fe8eb1ababc70fee036100af41e9afa9588c8a53ba99bec25c3530b.response.json,,
V02S0301,raw_sources/eth_getTransactionReceipt_0x5c9449cc0171f3c99132a640d9e9a5316343a8cc6d3a03d9575e11c1d7be42bb.request.json,https://ethereum-rpc.publicnode.com,2026-10-08T06:58:21.690506+00:00,POST,eth_getTransactionReceipt_0x5c9449cc0171f3c99132a640d9e9a5316343a8cc6d3a03d9575e11c1d7be42bb.response.json,,
V02S0302,raw_sources/eth_getTransactionReceipt_0x5d6b414f8b7ecdcee5ffdb378ceb3de228cec732037437d759900ed7b34d1b1a.request.json,https://ethereum-rpc.publicnode.com,2026-10-08T07:01:03.764417+00:00,POST,eth_getTransactionReceipt_0x5d6b414f8b7ecdcee5ffdb378ceb3de228cec732037437d759900ed7b34d1b1a.response.json,,
V02S0303,raw_sources/eth_getTransactionReceipt_0x60f111e77801bdfa77b897903cb5b586562adcb34de9ba3cac72bd96bd25240c.request.json,https://ethereum-rpc.publicnode.com,2026-10-08T06:58:24.003154+00:00,POST,eth_getTransactionReceipt_0x60f111e77801bdfa77b897903cb5b586562adcb34de9ba3cac72bd96bd25240c.response.json,,
V02S0304,raw_sources/eth_getTransactionReceipt_0x65e404d100a133897a6d8f85fa6da334e0830e9f61c371b97edd1c633d686658.request.json,https://ethereum-rpc.publicnode.com,2026-10-08T07:03:53.983796+00:00,POST,eth_getTransactionReceipt_0x65e404d100a133897a6d8f85fa6da334e0830e9f61c371b97edd1c633d686658.response.json,,
V02S0305,raw_sources/eth_getTransactionReceipt_0x6a0ea3e332600ed01ce57d9d25e2f7ac117b411b084011906038cc8b48f39ae2.request.json,https://ethereum-rpc.publicnode.com,2026-10-08T07:00:01.731441+00:00,POST,eth_getTransactionReceipt_0x6a0ea3e332600ed01ce57d9d25e2f7ac117b411b084011906038cc8b48f39ae2.response.json,,
V02S0306,raw_sources/eth_getTransactionReceipt_0x6af96ed173b572ab313de0e061c94572d7c4db07552c770d1b583a692269526f.request.json,https://ethereum-rpc.publicnode.com,2026-10-08T07:04:08.410246+00:00,POST,eth_getTransactionReceipt_0x6af96ed173b572ab313de0e061c94572d7c4db07552c770d1b583a692269526f.response.json,,
V02S0307,raw_sources/eth_getTransactionReceipt_0x6eea8dafb3153339f5e3b558afec6c6a7c91ba0d3e3f4f11b106049f117f52d4.request.json,https://ethereum-rpc.publicnode.com,2026-10-08T06:58:15.833150+00:00,POST,eth_getTransactionReceipt_0x6eea8dafb3153339f5e3b558afec6c6a7c91ba0d3e3f4f11b106049f117f52d4.response.json,,
V02S0308,raw_sources/eth_getTransactionReceipt_0x74fde4a6ce17dc1628fd6f3dd7099e86037aba987d74e9b189df2d25b6e2b06f.request.json,https://ethereum-rpc.publicnode.com,2026-10-08T06:59:56.336054+00:00,POST,eth_getTransactionReceipt_0x74fde4a6ce17dc1628fd6f3dd7099e86037aba987d74e9b189df2d25b6e2b06f.response.json,,
V02S0309,raw_sources/eth_getTransactionReceipt_0x7768d5b0506bf88fbc4c5d94f51eb8fff49dc67d55fd1d632811f8ce78087b8c.request.json,https://ethereum-rpc.publicnode.com,2026-10-08T07:00:17.378272+00:00,POST,eth_getTransactionReceipt_0x7768d5b0506bf88fbc4c5d94f51eb8fff49dc67d55fd1d632811f8ce78087b8c.response.json,,
V02S0310,raw_sources/eth_getTransactionReceipt_0x7873e900cc196ea94a7c671f7f299fe6842412e6048fac07411655e1161ec9cf.request.json,https://ethereum-rpc.publicnode.com,2026-10-08T07:00:30.756060+00:00,POST,eth_getTransactionReceipt_0x7873e900cc196ea94a7c671f7f299fe6842412e6048fac07411655e1161ec9cf.response.json,,
V02S0311,raw_sources/eth_getTransactionReceipt_0x7934a9f4945e9a8499d7967a922ccf8bd54f5c38c642d22b506c34edf24dd663.request.json,https://ethereum-rpc.publicnode.com,2026-10-08T07:00:48.581012+00:00,POST,eth_getTransactionReceipt_0x7934a9f4945e9a8499d7967a922ccf8bd54f5c38c642d22b506c34edf24dd663.response.json,,
V02S0312,raw_sources/eth_getTransactionReceipt_0x794649aaa990c10f12c40b94d4d198280abb2645e134bf5a4fcede4cb098a405.request.json,https://ethereum-rpc.publicnode.com,2026-10-08T07:00:30.681446+00:00,POST,eth_getTransactionReceipt_0x794649aaa990c10f12c40b94d4d198280abb2645e134bf5a4fcede4cb098a405.response.json,,
V02S0313,raw_sources/eth_getTransactionReceipt_0x80ab8c8f7bd7441f929a6a56a3fc54a08c6c8f3f226f7ae9a63620d376e94edd.request.json,https://ethereum-rpc.publicnode.com,2026-10-08T07:03:54.013579+00:00,POST,eth_getTransactionReceipt_0x80ab8c8f7bd7441f929a6a56a3fc54a08c6c8f3f226f7ae9a63620d376e94edd.response.json,,
V02S0314,raw_sources/eth_getTransactionReceipt_0x82baf0241ef2cbaa4d05cf1a5279705a330ec2cb27054f782f3b602697475d8f.request.json,https://ethereum-rpc.publicnode.com,2026-10-08T07:00:09.371125+00:00,POST,eth_getTransactionReceipt_0x82baf0241ef2cbaa4d05cf1a5279705a330ec2cb27054f782f3b602697475d8f.response.json,,
V02S0315,raw_sources/eth_getTransactionReceipt_0x85ac8c0202089c79a04a9f91a7e17b37144b4c1b74af4295da23e2969d4b352a.request.json,https://ethereum-rpc.publicnode.com,2026-10-08T07:00:57.528207+00:00,POST,eth_getTransactionReceipt_0x85ac8c0202089c79a04a9f91a7e17b37144b4c1b74af4295da23e2969d4b352a.response.json,,
V02S0316,raw_sources/eth_getTransactionReceipt_0x8c0803288283195b973a6587507e6d02884b60241b63dad310c0a08c8c76871a.request.json,https://ethereum-rpc.publicnode.com,2026-10-08T07:04:42.890301+00:00,POST,eth_getTransactionReceipt_0x8c0803288283195b973a6587507e6d02884b60241b63dad310c0a08c8c76871a.response.json,,
V02S0317,raw_sources/eth_getTransactionReceipt_0x8d9c1f92bb72579372e43ca8a47bb1787c8d652ffd366deb9a99d81a1f45a084.request.json,https://ethereum-rpc.publicnode.com,2026-10-08T07:04:50.906428+00:00,POST,eth_getTransactionReceipt_0x8d9c1f92bb72579372e43ca8a47bb1787c8d652ffd366deb9a99d81a1f45a084.response.json,,
V02S0318,raw_sources/eth_getTransactionReceipt_0x8f56b541b6b62d85daa33b6d5bdca787f255a036fa047ba8aab878fb6a8594c3.request.json,https://ethereum-rpc.publicnode.com,2026-10-08T07:03:53.973824+00:00,POST,eth_getTransactionReceipt_0x8f56b541b6b62d85daa33b6d5bdca787f255a036fa047ba8aab878fb6a8594c3.response.json,,
V02S0319,raw_sources/eth_getTransactionReceipt_0x94a897e1ccac338de2846a207179eaf0dd11aee71adb8e0cc934ea5ad5f3c388.request.json,https://ethereum-rpc.publicnode.com,2026-10-08T06:58:02.504573+00:00,POST,eth_getTransactionReceipt_0x94a897e1ccac338de2846a207179eaf0dd11aee71adb8e0cc934ea5ad5f3c388.response.json,,
V02S0320,raw_sources/eth_getTransactionReceipt_0xa7da5d044b2a34fd2105862dfed7b947254bd7ff12d7567e91be48d649f18d3c.request.json,https://ethereum-rpc.publicnode.com,2026-10-08T07:04:31.149231+00:00,POST,eth_getTransactionReceipt_0xa7da5d044b2a34fd2105862dfed7b947254bd7ff12d7567e91be48d649f18d3c.response.json,,
V02S0321,raw_sources/eth_getTransactionReceipt_0xa8b7de369a499a844c12f59905ef4c52386272b10aac66d9e3aeeaa9d02a145b.request.json,https://ethereum-rpc.publicnode.com,2026-10-08T07:00:42.489617+00:00,POST,eth_getTransactionReceipt_0xa8b7de369a499a844c12f59905ef4c52386272b10aac66d9e3aeeaa9d02a145b.response.json,,
V02S0322,raw_sources/eth_getTransactionReceipt_0xaedc189291428449d48139f7e9866653f2d3c7ff6bb6150836ffc4b135369e2e.request.json,https://ethereum-rpc.publicnode.com,2026-10-08T07:00:36.452988+00:00,POST,eth_getTransactionReceipt_0xaedc189291428449d48139f7e9866653f2d3c7ff6bb6150836ffc4b135369e2e.response.json,,
V02S0323,raw_sources/eth_getTransactionReceipt_0xb3681554b8220d486dd3990666dd35115f3df6b7b409705bacfe334fa4bc05e8.request.json,https://ethereum-rpc.publicnode.com,2026-10-08T07:00:01.592181+00:00,POST,eth_getTransactionReceipt_0xb3681554b8220d486dd3990666dd35115f3df6b7b409705bacfe334fa4bc05e8.response.json,,
V02S0324,raw_sources/eth_getTransactionReceipt_0xb60239f3be4f4f246bb5e7b6324a91b487af6f60b9aebc199da6b1e74f8fa81a.request.json,https://ethereum-rpc.publicnode.com,2026-10-08T07:04:01.475640+00:00,POST,eth_getTransactionReceipt_0xb60239f3be4f4f246bb5e7b6324a91b487af6f60b9aebc199da6b1e74f8fa81a.response.json,,
V02S0325,raw_sources/eth_getTransactionReceipt_0xb644bf8e644a1195ad838180fd015f88938a8664128b9e0ad1e7b4a5eebe2198.request.json,https://ethereum-rpc.publicnode.com,2026-10-08T06:59:10.207640+00:00,POST,eth_getTransactionReceipt_0xb644bf8e644a1195ad838180fd015f88938a8664128b9e0ad1e7b4a5eebe2198.response.json,,
V02S0326,raw_sources/eth_getTransactionReceipt_0xb702d3f24586a8f8c74530573e17609b43fa18c088e11c2591cd5c6eb5a49ea6.request.json,https://ethereum-rpc.publicnode.com,2026-10-08T06:58:15.622456+00:00,POST,eth_getTransactionReceipt_0xb702d3f24586a8f8c74530573e17609b43fa18c088e11c2591cd5c6eb5a49ea6.response.json,,
V02S0327,raw_sources/eth_getTransactionReceipt_0xba287a4b921f1280694f005aee33a08939c1a8cafd4a30ba4251384c87a99818.request.json,https://ethereum-rpc.publicnode.com,2026-10-08T07:04:42.785255+00:00,POST,eth_getTransactionReceipt_0xba287a4b921f1280694f005aee33a08939c1a8cafd4a30ba4251384c87a99818.response.json,,
V02S0328,raw_sources/eth_getTransactionReceipt_0xbee5625019a5eabaefb69384016b22b4db5ab65a1e2fb3233b84528127b1a44e.request.json,https://ethereum-rpc.publicnode.com,2026-10-08T07:04:13.994183+00:00,POST,eth_getTransactionReceipt_0xbee5625019a5eabaefb69384016b22b4db5ab65a1e2fb3233b84528127b1a44e.response.json,,
V02S0329,raw_sources/eth_getTransactionReceipt_0xc12c2c3229df0e77ae5e5bfc25bc371b736c54d0a9f43ec031a3393b9840eafa.request.json,https://ethereum-rpc.publicnode.com,2026-10-08T07:04:13.784008+00:00,POST,eth_getTransactionReceipt_0xc12c2c3229df0e77ae5e5bfc25bc371b736c54d0a9f43ec031a3393b9840eafa.response.json,,
V02S0330,raw_sources/eth_getTransactionReceipt_0xc6be781b6e8f3da34d4e6d6bf3311af39b61cd8681666dd08585c797b795dceb.request.json,https://ethereum-rpc.publicnode.com,2026-10-08T07:04:36.630871+00:00,POST,eth_getTransactionReceipt_0xc6be781b6e8f3da34d4e6d6bf3311af39b61cd8681666dd08585c797b795dceb.response.json,,
V02S0331,raw_sources/eth_getTransactionReceipt_0xcb2039fffcaa68d8526f2bce2d492bbd595168d9bc3c73c9dcf7d8b27561df77.request.json,https://ethereum-rpc.publicnode.com,2026-10-08T07:04:36.786039+00:00,POST,eth_getTransactionReceipt_0xcb2039fffcaa68d8526f2bce2d492bbd595168d9bc3c73c9dcf7d8b27561df77.response.json,,
V02S0332,raw_sources/eth_getTransactionReceipt_0xcff34a0c22261839ef69e4039ad6726e01fc95663bdc192d21bf35699d7883a3.request.json,https://ethereum-rpc.publicnode.com,2026-10-08T07:00:57.739108+00:00,POST,eth_getTransactionReceipt_0xcff34a0c22261839ef69e4039ad6726e01fc95663bdc192d21bf35699d7883a3.response.json,,
V02S0333,raw_sources/eth_getTransactionReceipt_0xd660af041faddd964b1d59cecc709beeb9e425282ab93a4d8f229455af69ff37.request.json,https://ethereum-rpc.publicnode.com,2026-10-08T07:00:48.364426+00:00,POST,eth_getTransactionReceipt_0xd660af041faddd964b1d59cecc709beeb9e425282ab93a4d8f229455af69ff37.response.json,,
V02S0334,raw_sources/eth_getTransactionReceipt_0xdc868a5f0a211154b818dc96ff8a0e5a8ef2b7a26ef4cc0ed66a6b18a49f4362.request.json,https://ethereum-rpc.publicnode.com,2026-10-08T07:04:50.743911+00:00,POST,eth_getTransactionReceipt_0xdc868a5f0a211154b818dc96ff8a0e5a8ef2b7a26ef4cc0ed66a6b18a49f4362.response.json,,
V02S0335,raw_sources/eth_getTransactionReceipt_0xe002d973edd8363629247cad55588e5a49cdb7bd5c089d2da0de32766b12c8f8.request.json,https://ethereum-rpc.publicnode.com,2026-10-08T07:04:19.655910+00:00,POST,eth_getTransactionReceipt_0xe002d973edd8363629247cad55588e5a49cdb7bd5c089d2da0de32766b12c8f8.response.json,,
V02S0336,raw_sources/eth_getTransactionReceipt_0xe92d9f816ec06f36e69c38d17f818a9ca466127049595147a77009a9d4f4e6a3.request.json,https://ethereum-rpc.publicnode.com,2026-10-08T07:00:09.155871+00:00,POST,eth_getTransactionReceipt_0xe92d9f816ec06f36e69c38d17f818a9ca466127049595147a77009a9d4f4e6a3.response.json,,
V02S0337,raw_sources/eth_getTransactionReceipt_0xeae8e79dc52d61aa040e0ca8066da898b46de6cbe9205e34760a094000c35268.request.json,https://ethereum-rpc.publicnode.com,2026-10-08T07:04:26.826343+00:00,POST,eth_getTransactionReceipt_0xeae8e79dc52d61aa040e0ca8066da898b46de6cbe9205e34760a094000c35268.response.json,,
V02S0338,raw_sources/eth_getTransactionReceipt_0xeb61708b358adfb0bae70d3972d65e0e754a027e1bbb1cdf46d33d47c4481dbd.request.json,https://ethereum-rpc.publicnode.com,2026-10-08T06:58:15.716643+00:00,POST,eth_getTransactionReceipt_0xeb61708b358adfb0bae70d3972d65e0e754a027e1bbb1cdf46d33d47c4481dbd.response.json,,
V02S0339,raw_sources/eth_getTransactionReceipt_0xebe14ec7d07afca402f002199e0334725f7db87ade15e97790a97b155d75acbe.request.json,https://ethereum-rpc.publicnode.com,2026-10-08T06:59:49.953727+00:00,POST,eth_getTransactionReceipt_0xebe14ec7d07afca402f002199e0334725f7db87ade15e97790a97b155d75acbe.response.json,,
V02S0340,raw_sources/eth_getTransactionReceipt_0xed4aa353342022def93669e8a4d8919ddbb7c0ee6d3b384c3184ca3584c72228.request.json,https://ethereum-rpc.publicnode.com,2026-10-08T07:04:01.388568+00:00,POST,eth_getTransactionReceipt_0xed4aa353342022def93669e8a4d8919ddbb7c0ee6d3b384c3184ca3584c72228.response.json,,
V02S0341,raw_sources/eth_getTransactionReceipt_0xedfd6d0be46db66dcf6f3e9d60875c766ec164f1a3339408fe703bc5e9427ce5.request.json,https://ethereum-rpc.publicnode.com,2026-10-08T07:04:26.610781+00:00,POST,eth_getTransactionReceipt_0xedfd6d0be46db66dcf6f3e9d60875c766ec164f1a3339408fe703bc5e9427ce5.response.json,,
V02S0342,raw_sources/eth_getTransactionReceipt_0xeeea9c1a1aef96812de9e651032492397148eef17949df9b27c0f62fad2ebc2c.request.json,https://ethereum-rpc.publicnode.com,2026-10-08T06:59:56.463750+00:00,POST,eth_getTransactionReceipt_0xeeea9c1a1aef96812de9e651032492397148eef17949df9b27c0f62fad2ebc2c.response.json,,
V02S0343,raw_sources/eth_getTransactionReceipt_0xefa46658dead085751916c1368ed2590d72fa34dce36abf5c6b5a8cbcfc0d624.request.json,https://ethereum-rpc.publicnode.com,2026-10-08T07:04:56.548484+00:00,POST,eth_getTransactionReceipt_0xefa46658dead085751916c1368ed2590d72fa34dce36abf5c6b5a8cbcfc0d624.response.json,,
V02S0344,raw_sources/eth_getTransactionReceipt_0xfcb48122a88a05ff532740232531d385326fc8cde8ed6d317b1474a675060695.request.json,https://ethereum-rpc.publicnode.com,2026-10-08T07:04:19.779361+00:00,POST,eth_getTransactionReceipt_0xfcb48122a88a05ff532740232531d385326fc8cde8ed6d317b1474a675060695.response.json,,
V02S0345,raw_sources/eth_getTransactionReceipt_0xffa889a9c07aebbe1a74d9398cd418beaf7f624036b875613105502fc0d2c6de.request.json,https://ethereum-rpc.publicnode.com,2026-10-08T07:04:31.060123+00:00,POST,eth_getTransactionReceipt_0xffa889a9c07aebbe1a74d9398cd418beaf7f624036b875613105502fc0d2c6de.response.json,,
V02S0346,raw_sources/eth_incoming_block_26136684.request.json,https://ethereum-rpc.publicnode.com,2026-10-08T07:01:03.876210+00:00,POST,eth_incoming_block_26136684.response.json,,
V02S0347,raw_sources/eth_incoming_block_26136739.request.json,https://ethereum-rpc.publicnode.com,2026-10-08T07:00:57.820803+00:00,POST,eth_incoming_block_26136739.response.json,,
V02S0348,raw_sources/eth_incoming_block_26136740.request.json,https://ethereum-rpc.publicnode.com,2026-10-08T07:00:57.566754+00:00,POST,eth_incoming_block_26136740.response.json,,
V02S0349,raw_sources/eth_incoming_block_26136744.request.json,https://ethereum-rpc.publicnode.com,2026-10-08T07:00:48.407840+00:00,POST,eth_incoming_block_26136744.response.json,,
V02S0350,raw_sources/eth_incoming_block_26136745.request.json,https://ethereum-rpc.publicnode.com,2026-10-08T07:00:42.590236+00:00,POST,eth_incoming_block_26136745.response.json,,
V02S0351,raw_sources/eth_incoming_block_26136746.request.json,https://ethereum-rpc.publicnode.com,2026-10-08T07:00:42.507651+00:00,POST,eth_incoming_block_26136746.response.json,,
V02S0352,raw_sources/eth_incoming_block_26136749.request.json,https://ethereum-rpc.publicnode.com,2026-10-08T07:00:36.501940+00:00,POST,eth_incoming_block_26136749.response.json,,
V02S0353,raw_sources/eth_incoming_block_26136751.request.json,https://ethereum-rpc.publicnode.com,2026-10-08T07:00:36.424073+00:00,POST,eth_incoming_block_26136751.response.json,,
V02S0354,raw_sources/eth_incoming_block_26136759.request.json,https://ethereum-rpc.publicnode.com,2026-10-08T07:00:30.974421+00:00,POST,eth_incoming_block_26136759.response.json,,
V02S0355,raw_sources/eth_incoming_block_26136761.request.json,https://ethereum-rpc.publicnode.com,2026-10-08T07:00:30.725335+00:00,POST,eth_incoming_block_26136761.response.json,,
V02S0356,raw_sources/eth_incoming_block_26136770.request.json,https://ethereum-rpc.publicnode.com,2026-10-08T07:00:24.153411+00:00,POST,eth_incoming_block_26136770.response.json,,
V02S0357,raw_sources/eth_incoming_block_26136772.request.json,https://ethereum-rpc.publicnode.com,2026-10-08T07:00:24.087766+00:00,POST,eth_incoming_block_26136772.response.json,,
V02S0358,raw_sources/eth_incoming_block_26136774.request.json,https://ethereum-rpc.publicnode.com,2026-10-08T07:00:17.430181+00:00,POST,eth_incoming_block_26136774.response.json,,
V02S0359,raw_sources/eth_incoming_block_26136775.request.json,https://ethereum-rpc.publicnode.com,2026-10-08T07:00:17.316450+00:00,POST,eth_incoming_block_26136775.response.json,,
V02S0360,raw_sources/eth_incoming_block_26136776.request.json,https://ethereum-rpc.publicnode.com,2026-10-08T07:00:09.399514+00:00,POST,eth_incoming_block_26136776.response.json,,
V02S0361,raw_sources/eth_incoming_block_26136873.request.json,https://ethereum-rpc.publicnode.com,2026-10-08T07:00:09.206980+00:00,POST,eth_incoming_block_26136873.response.json,,
V02S0362,raw_sources/eth_incoming_block_26136876.request.json,https://ethereum-rpc.publicnode.com,2026-10-08T07:00:01.740517+00:00,POST,eth_incoming_block_26136876.response.json,,
V02S0363,raw_sources/eth_incoming_block_26136881.request.json,https://ethereum-rpc.publicnode.com,2026-10-08T07:00:01.692646+00:00,POST,eth_incoming_block_26136881.response.json,,
V02S0364,raw_sources/eth_incoming_block_26136885.request.json,https://ethereum-rpc.publicnode.com,2026-10-08T06:59:56.492708+00:00,POST,eth_incoming_block_26136885.response.json,,
V02S0365,raw_sources/eth_incoming_block_26136888.request.json,https://ethereum-rpc.publicnode.com,2026-10-08T06:59:56.412457+00:00,POST,eth_incoming_block_26136888.response.json,,
V02S0366,raw_sources/eth_incoming_block_26136891.request.json,https://ethereum-rpc.publicnode.com,2026-10-08T06:59:49.958085+00:00,POST,eth_incoming_block_26136891.response.json,,
V02S0367,raw_sources/eth_incoming_block_26136894.request.json,https://ethereum-rpc.publicnode.com,2026-10-08T06:59:49.944005+00:00,POST,eth_incoming_block_26136894.response.json,,
V02S0368,raw_sources/eth_internal-transactions_0.request.json,https://eth.blockscout.com/api/v2/addresses/0x14AA2A71dbb5eF87b81F92205E2699AA4aa65794/internal-transactions,2026-10-08T06:59:04.828867+00:00,GET,eth_internal-transactions_0.response.json,,
V02S0369,raw_sources/eth_internal-transactions_1.request.json,https://eth.blockscout.com/api/v2/addresses/0x427C4b37de0714821B09C4FC655a713AbbCfbA83/internal-transactions,2026-10-08T06:59:04.886140+00:00,GET,eth_internal-transactions_1.response.json,,
V02S0370,raw_sources/eth_llama.request.json,https://eth.llamarpc.com,2026-10-08T06:40:58.895739+00:00,eth_getTransactionCount,,HTTP Error 405: Not Allowed,
V02S0371,raw_sources/eth_node_0x114e6c4F7d341AeE968045c22548CBDC25C44A7A.request.json,https://eth.blockscout.com/api/v2/addresses/0x114e6c4F7d341AeE968045c22548CBDC25C44A7A/transactions,2026-10-08T06:58:50.861401+00:00,GET,eth_node_0x114e6c4F7d341AeE968045c22548CBDC25C44A7A.response.json,,
V02S0372,raw_sources/eth_node_0x13afa986366AB4CD731EA6cC4B4C185527a1a48a.request.json,https://eth.blockscout.com/api/v2/addresses/0x13afa986366AB4CD731EA6cC4B4C185527a1a48a/transactions,2026-10-08T06:58:50.864803+00:00,GET,eth_node_0x13afa986366AB4CD731EA6cC4B4C185527a1a48a.response.json,,
V02S0373,raw_sources/eth_node_0x31d114EA972f6121476dF3E889cbAd6C07380670.request.json,https://eth.blockscout.com/api/v2/addresses/0x31d114EA972f6121476dF3E889cbAd6C07380670/transactions,2026-10-08T06:58:50.871791+00:00,GET,eth_node_0x31d114EA972f6121476dF3E889cbAd6C07380670.response.json,,
V02S0374,raw_sources/eth_node_0x3B749498a5155F0C5e603B2867D72f95786eEe9A.request.json,https://eth.blockscout.com/api/v2/addresses/0x3B749498a5155F0C5e603B2867D72f95786eEe9A/transactions,2026-10-08T06:58:50.877249+00:00,GET,eth_node_0x3B749498a5155F0C5e603B2867D72f95786eEe9A.response.json,,
V02S0375,raw_sources/eth_node_0x40763715B95AdD68342a982a8EC7859709b612bd.request.json,https://eth.blockscout.com/api/v2/addresses/0x40763715B95AdD68342a982a8EC7859709b612bd/transactions,2026-10-08T06:58:56.998331+00:00,GET,eth_node_0x40763715B95AdD68342a982a8EC7859709b612bd.response.json,,
V02S0376,raw_sources/eth_node_0x40AC40F33d32a8ffD808cbBBf02524b6D834b811.request.json,https://eth.blockscout.com/api/v2/addresses/0x40AC40F33d32a8ffD808cbBBf02524b6D834b811/transactions,2026-10-08T06:58:57.131876+00:00,GET,eth_node_0x40AC40F33d32a8ffD808cbBBf02524b6D834b811.response.json,,
V02S0377,raw_sources/eth_node_0x471D9d6C72eAdf3c6F0537975c21f1f2Eec6C7eb.request.json,https://eth.blockscout.com/api/v2/addresses/0x471D9d6C72eAdf3c6F0537975c21f1f2Eec6C7eb/transactions,2026-10-08T06:58:57.164592+00:00,GET,eth_node_0x471D9d6C72eAdf3c6F0537975c21f1f2Eec6C7eb.response.json,,
V02S0378,raw_sources/eth_node_0x6457dAe68e5c9b71620096622865761054Da7641.request.json,https://eth.blockscout.com/api/v2/addresses/0x6457dAe68e5c9b71620096622865761054Da7641/transactions,2026-10-08T06:58:57.203657+00:00,GET,eth_node_0x6457dAe68e5c9b71620096622865761054Da7641.response.json,,
V02S0379,raw_sources/eth_node_0xC25c9880835Ebb46a5777Ac156e681Eaa1E4A9A9.request.json,https://eth.blockscout.com/api/v2/addresses/0xC25c9880835Ebb46a5777Ac156e681Eaa1E4A9A9/transactions,2026-10-08T06:59:00.584956+00:00,GET,eth_node_0xC25c9880835Ebb46a5777Ac156e681Eaa1E4A9A9.response.json,,
V02S0380,raw_sources/eth_node_0xDB5F641F9B335F48c550cD7023C2268B70A76eC7.request.json,https://eth.blockscout.com/api/v2/addresses/0xDB5F641F9B335F48c550cD7023C2268B70A76eC7/transactions,2026-10-08T06:59:00.625846+00:00,GET,eth_node_0xDB5F641F9B335F48c550cD7023C2268B70A76eC7.response.json,,
V02S0381,raw_sources/eth_node_0xEc96957de4eCEcF24Abd382090026E9B5c647405.request.json,https://eth.blockscout.com/api/v2/addresses/0xEc96957de4eCEcF24Abd382090026E9B5c647405/transactions,2026-10-08T06:59:02.448117+00:00,GET,eth_node_0xEc96957de4eCEcF24Abd382090026E9B5c647405.response.json,,
V02S0382,raw_sources/eth_node_0xFfd7a4656e6F44876d5C30da800686894E9d4aB3.request.json,https://eth.blockscout.com/api/v2/addresses/0xFfd7a4656e6F44876d5C30da800686894E9d4aB3/transactions,2026-10-08T06:59:02.504184+00:00,GET,eth_node_0xFfd7a4656e6F44876d5C30da800686894E9d4aB3.response.json,,
V02S0383,raw_sources/eth_node_0xaF533bf77E0F6774d9aB737e19A54DaF2481E513.request.json,https://eth.blockscout.com/api/v2/addresses/0xaF533bf77E0F6774d9aB737e19A54DaF2481E513/transactions,2026-10-08T06:59:02.555986+00:00,GET,eth_node_0xaF533bf77E0F6774d9aB737e19A54DaF2481E513.response.json,,
V02S0384,raw_sources/eth_node_0xc96EE7973e8ce2f5Dc9be15bD1eDa7eac1b19E68.request.json,https://eth.blockscout.com/api/v2/addresses/0xc96EE7973e8ce2f5Dc9be15bD1eDa7eac1b19E68/transactions,2026-10-08T06:59:04.736118+00:00,GET,eth_node_0xc96EE7973e8ce2f5Dc9be15bD1eDa7eac1b19E68.response.json,,
V02S0385,raw_sources/eth_node_code_0x114e6c4F7d341AeE968045c22548CBDC25C44A7A.request.json,https://ethereum-rpc.publicnode.com,2026-10-08T06:58:50.863326+00:00,POST,eth_node_code_0x114e6c4F7d341AeE968045c22548CBDC25C44A7A.response.json,,
V02S0386,raw_sources/eth_node_code_0x13afa986366AB4CD731EA6cC4B4C185527a1a48a.request.json,https://ethereum-rpc.publicnode.com,2026-10-08T06:58:50.867730+00:00,POST,eth_node_code_0x13afa986366AB4CD731EA6cC4B4C185527a1a48a.response.json,,
V02S0387,raw_sources/eth_node_code_0x31d114EA972f6121476dF3E889cbAd6C07380670.request.json,https://ethereum-rpc.publicnode.com,2026-10-08T06:58:50.873897+00:00,POST,eth_node_code_0x31d114EA972f6121476dF3E889cbAd6C07380670.response.json,,
V02S0388,raw_sources/eth_node_code_0x3B749498a5155F0C5e603B2867D72f95786eEe9A.request.json,https://ethereum-rpc.publicnode.com,2026-10-08T06:58:50.880734+00:00,POST,eth_node_code_0x3B749498a5155F0C5e603B2867D72f95786eEe9A.response.json,,
V02S0389,raw_sources/eth_node_code_0x40763715B95AdD68342a982a8EC7859709b612bd.request.json,https://ethereum-rpc.publicnode.com,2026-10-08T06:58:57.121592+00:00,POST,eth_node_code_0x40763715B95AdD68342a982a8EC7859709b612bd.response.json,,
V02S0390,raw_sources/eth_node_code_0x40AC40F33d32a8ffD808cbBBf02524b6D834b811.request.json,https://ethereum-rpc.publicnode.com,2026-10-08T06:58:57.151828+00:00,POST,eth_node_code_0x40AC40F33d32a8ffD808cbBBf02524b6D834b811.response.json,,
V02S0391,raw_sources/eth_node_code_0x471D9d6C72eAdf3c6F0537975c21f1f2Eec6C7eb.request.json,https://ethereum-rpc.publicnode.com,2026-10-08T06:58:57.196080+00:00,POST,eth_node_code_0x471D9d6C72eAdf3c6F0537975c21f1f2Eec6C7eb.response.json,,
V02S0392,raw_sources/eth_node_code_0x6457dAe68e5c9b71620096622865761054Da7641.request.json,https://ethereum-rpc.publicnode.com,2026-10-08T06:58:57.219572+00:00,POST,eth_node_code_0x6457dAe68e5c9b71620096622865761054Da7641.response.json,,
V02S0393,raw_sources/eth_node_code_0xC25c9880835Ebb46a5777Ac156e681Eaa1E4A9A9.request.json,https://ethereum-rpc.publicnode.com,2026-10-08T06:59:00.597700+00:00,POST,eth_node_code_0xC25c9880835Ebb46a5777Ac156e681Eaa1E4A9A9.response.json,,
V02S0394,raw_sources/eth_node_code_0xDB5F641F9B335F48c550cD7023C2268B70A76eC7.request.json,https://ethereum-rpc.publicnode.com,2026-10-08T06:59:00.632394+00:00,POST,eth_node_code_0xDB5F641F9B335F48c550cD7023C2268B70A76eC7.response.json,,
V02S0395,raw_sources/eth_node_code_0xEc96957de4eCEcF24Abd382090026E9B5c647405.request.json,https://ethereum-rpc.publicnode.com,2026-10-08T06:59:02.492195+00:00,POST,eth_node_code_0xEc96957de4eCEcF24Abd382090026E9B5c647405.response.json,,
V02S0396,raw_sources/eth_node_code_0xFfd7a4656e6F44876d5C30da800686894E9d4aB3.request.json,https://ethereum-rpc.publicnode.com,2026-10-08T06:59:02.520583+00:00,POST,eth_node_code_0xFfd7a4656e6F44876d5C30da800686894E9d4aB3.response.json,,
V02S0397,raw_sources/eth_node_code_0xaF533bf77E0F6774d9aB737e19A54DaF2481E513.request.json,https://ethereum-rpc.publicnode.com,2026-10-08T06:59:02.593278+00:00,POST,eth_node_code_0xaF533bf77E0F6774d9aB737e19A54DaF2481E513.response.json,,
V02S0398,raw_sources/eth_node_code_0xc96EE7973e8ce2f5Dc9be15bD1eDa7eac1b19E68.request.json,https://ethereum-rpc.publicnode.com,2026-10-08T06:59:04.806905+00:00,POST,eth_node_code_0xc96EE7973e8ce2f5Dc9be15bD1eDa7eac1b19E68.response.json,,
V02S0399,raw_sources/eth_publicnode.request.json,https://ethereum-rpc.publicnode.com,2026-10-08T06:41:03.626081+00:00,eth_getTransactionCount,,HTTP Error 403: Forbidden,
V02S0400,raw_sources/eth_publicnode_retry.request.json,https://ethereum-rpc.publicnode.com,2026-10-08T06:57:28.584673+00:00,POST,eth_publicnode_retry.response.json,,
V02S0401,raw_sources/eth_remaining_balance_0x1d68935c108b380CBb86198b002bC4D4A13c89F2.request.json,https://ethereum-rpc.publicnode.com,2026-10-08T08:00:44.734208+00:00,POST,eth_remaining_balance_0x1d68935c108b380CBb86198b002bC4D4A13c89F2.response.json,,
V02S0402,raw_sources/eth_remaining_balance_0x4521eF4Df51A7689d4DB5d8FC598685CB226fF58.request.json,https://ethereum-rpc.publicnode.com,2026-10-08T08:00:44.735748+00:00,POST,eth_remaining_balance_0x4521eF4Df51A7689d4DB5d8FC598685CB226fF58.response.json,,
V02S0403,raw_sources/eth_remaining_balance_0x4bf5bb54C43E3ADDc3F62AB5ec943E16F3806ad0.request.json,https://ethereum-rpc.publicnode.com,2026-10-08T08:00:44.735126+00:00,POST,eth_remaining_balance_0x4bf5bb54C43E3ADDc3F62AB5ec943E16F3806ad0.response.json,,
V02S0404,raw_sources/eth_second_0x1d68935c108b380CBb86198b002bC4D4A13c89F2.request.json,https://eth.blockscout.com/api/v2/addresses/0x1d68935c108b380CBb86198b002bC4D4A13c89F2/transactions?filter=from,2026-10-08T07:01:01.736186+00:00,GET,eth_second_0x1d68935c108b380CBb86198b002bC4D4A13c89F2.response.json,,
V02S0405,raw_sources/eth_second_0x2625857EA267f4A1a150F6c9d6491B69D3BAb324.request.json,https://eth.blockscout.com/api/v2/addresses/0x2625857EA267f4A1a150F6c9d6491B69D3BAb324/transactions?filter=from,2026-10-08T07:01:17.987342+00:00,GET,eth_second_0x2625857EA267f4A1a150F6c9d6491B69D3BAb324.response.json,,
V02S0406,raw_sources/eth_second_0x3E2d81f7A5659e4760bA929ef88eed40EF6640a1.request.json,https://eth.blockscout.com/api/v2/addresses/0x3E2d81f7A5659e4760bA929ef88eed40EF6640a1/transactions?filter=from,2026-10-08T07:01:09.232663+00:00,GET,eth_second_0x3E2d81f7A5659e4760bA929ef88eed40EF6640a1.response.json,,
V02S0407,raw_sources/eth_second_0x4079067aa1BdfF060c6C45155966D81C79e754e9.request.json,https://eth.blockscout.com/api/v2/addresses/0x4079067aa1BdfF060c6C45155966D81C79e754e9/transactions?filter=from,2026-10-08T07:01:09.024978+00:00,GET,eth_second_0x4079067aa1BdfF060c6C45155966D81C79e754e9.response.json,,
V02S0408,raw_sources/eth_second_0x4521eF4Df51A7689d4DB5d8FC598685CB226fF58.request.json,https://eth.blockscout.com/api/v2/addresses/0x4521eF4Df51A7689d4DB5d8FC598685CB226fF58/transactions?filter=from,2026-10-08T07:01:09.370436+00:00,GET,eth_second_0x4521eF4Df51A7689d4DB5d8FC598685CB226fF58.response.json,,
V02S0409,raw_sources/eth_second_0x4bf5bb54C43E3ADDc3F62AB5ec943E16F3806ad0.request.json,https://eth.blockscout.com/api/v2/addresses/0x4bf5bb54C43E3ADDc3F62AB5ec943E16F3806ad0/transactions?filter=from,2026-10-08T07:01:01.809534+00:00,GET,eth_second_0x4bf5bb54C43E3ADDc3F62AB5ec943E16F3806ad0.response.json,,
V02S0410,raw_sources/eth_second_0x68B3A77db46418905C7eaf63324d4adCcE06A680.request.json,https://eth.blockscout.com/api/v2/addresses/0x68B3A77db46418905C7eaf63324d4adCcE06A680/transactions?filter=from,2026-10-08T07:01:01.742027+00:00,GET,eth_second_0x68B3A77db46418905C7eaf63324d4adCcE06A680.response.json,,
V02S0411,raw_sources/eth_second_0x68d6E20a28F9d50Ebf798ccf9fae9e3D5e4F1ac4.request.json,https://eth.blockscout.com/api/v2/addresses/0x68d6E20a28F9d50Ebf798ccf9fae9e3D5e4F1ac4/transactions?filter=from,2026-10-08T07:01:01.759598+00:00,GET,eth_second_0x68d6E20a28F9d50Ebf798ccf9fae9e3D5e4F1ac4.response.json,,
V02S0412,raw_sources/eth_second_0x824a50d903E13661F879a1055C3Eb64583A2CEbe.request.json,https://eth.blockscout.com/api/v2/addresses/0x824a50d903E13661F879a1055C3Eb64583A2CEbe/transactions?filter=from,2026-10-08T07:01:01.793631+00:00,GET,eth_second_0x824a50d903E13661F879a1055C3Eb64583A2CEbe.response.json,,
V02S0413,raw_sources/eth_second_0x888795F84f5F81352a7639f1254662ae5897E223.request.json,https://eth.blockscout.com/api/v2/addresses/0x888795F84f5F81352a7639f1254662ae5897E223/transactions?filter=from,2026-10-08T07:01:18.345708+00:00,GET,eth_second_0x888795F84f5F81352a7639f1254662ae5897E223.response.json,,
V02S0414,raw_sources/eth_second_0x9cb119168265469a849E1864c87a57999A4Bc01f.request.json,https://eth.blockscout.com/api/v2/addresses/0x9cb119168265469a849E1864c87a57999A4Bc01f/transactions?filter=from,2026-10-08T07:01:18.231636+00:00,GET,eth_second_0x9cb119168265469a849E1864c87a57999A4Bc01f.response.json,,
V02S0415,raw_sources/eth_second_0xBe8647262aFcee826c55135e272eB13D81CAde3f.request.json,https://eth.blockscout.com/api/v2/addresses/0xBe8647262aFcee826c55135e272eB13D81CAde3f/transactions?filter=from,2026-10-08T07:01:09.162411+00:00,GET,eth_second_0xBe8647262aFcee826c55135e272eB13D81CAde3f.response.json,,
V02S0416,raw_sources/eth_second_0xa3cA6199D8692eC40d0287e615b48d0e8cdE9abe.request.json,https://eth.blockscout.com/api/v2/addresses/0xa3cA6199D8692eC40d0287e615b48d0e8cdE9abe/transactions?filter=from,2026-10-08T07:01:09.347229+00:00,GET,eth_second_0xa3cA6199D8692eC40d0287e615b48d0e8cdE9abe.response.json,,
V02S0417,raw_sources/eth_second_0xd7efd720aDf271B7173Dd01a9b81668892Bee6B1.request.json,https://eth.blockscout.com/api/v2/addresses/0xd7efd720aDf271B7173Dd01a9b81668892Bee6B1/transactions?filter=from,2026-10-08T07:01:01.744574+00:00,GET,eth_second_0xd7efd720aDf271B7173Dd01a9b81668892Bee6B1.response.json,,
V02S0418,raw_sources/eth_second_0xd8D06aEcFB5dE45D0dcb655DE57650d0231B0Ef5.request.json,https://eth.blockscout.com/api/v2/addresses/0xd8D06aEcFB5dE45D0dcb655DE57650d0231B0Ef5/transactions?filter=from,2026-10-08T07:01:17.934524+00:00,GET,eth_second_0xd8D06aEcFB5dE45D0dcb655DE57650d0231B0Ef5.response.json,,
V02S0419,raw_sources/eth_second_0xd9249DE6224382CE7791600d1D1F9E5fDF633abB.request.json,https://eth.blockscout.com/api/v2/addresses/0xd9249DE6224382CE7791600d1D1F9E5fDF633abB/transactions?filter=from,2026-10-08T07:01:09.001807+00:00,GET,eth_second_0xd9249DE6224382CE7791600d1D1F9E5fDF633abB.response.json,,
V02S0420,raw_sources/eth_token-transfers_0.request.json,https://eth.blockscout.com/api/v2/addresses/0x14AA2A71dbb5eF87b81F92205E2699AA4aa65794/token-transfers,2026-10-08T06:59:04.829709+00:00,GET,eth_token-transfers_0.response.json,,
V02S0421,raw_sources/eth_token-transfers_1.request.json,https://eth.blockscout.com/api/v2/addresses/0x427C4b37de0714821B09C4FC655a713AbbCfbA83/token-transfers,2026-10-08T06:59:10.089228+00:00,GET,eth_token-transfers_1.response.json,,
V02S0422,raw_sources/eth_trace_drpc_sample.request.json,https://eth.drpc.org,2026-10-08T07:05:33.566978+00:00,POST,eth_trace_drpc_sample.response.json,,
V02S0423,raw_sources/eth_transactions_0.request.json,https://eth.blockscout.com/api/v2/addresses/0x14AA2A71dbb5eF87b81F92205E2699AA4aa65794/transactions,2026-10-08T06:57:21.636959+00:00,GET,eth_transactions_0.response.json,,
V02S0424,raw_sources/eth_transactions_1.request.json,https://eth.blockscout.com/api/v2/addresses/0x427C4b37de0714821B09C4FC655a713AbbCfbA83/transactions,2026-10-08T06:57:26.628804+00:00,GET,eth_transactions_1.response.json,,
V02S0425,raw_sources/eth_transactions_1_page1.request.json,https://eth.blockscout.com/api/v2/addresses/0x427C4b37de0714821B09C4FC655a713AbbCfbA83/transactions?index=173&value=1000000000&hash=0x2a0a0614907a1546cb20ac8ccea4cd836da698b3d46da03c0b8c35b5b8f01939&inserted_at=2026-10-06T23%3A43%3A47.211042Z&block_number=26136701&fee=8345663697000&items_count=50,2026-10-08T06:57:53.814683+00:00,GET,eth_transactions_1_page1.response.json,,
V02S0426,raw_sources/fill_42161_eth_getTransactionByHash_0x0f507df0eb71a6c260aae39275f7eb9fc6deae0c3f0b7b499f6608e021c7fc0e.request.json,https://arb1.arbitrum.io/rpc,2026-10-08T07:07:54.325083+00:00,POST,fill_42161_eth_getTransactionByHash_0x0f507df0eb71a6c260aae39275f7eb9fc6deae0c3f0b7b499f6608e021c7fc0e.response.json,,
V02S0427,raw_sources/fill_42161_eth_getTransactionByHash_0x0f507df0eb71a6c260aae39275f7eb9fc6deae0c3f0b7b499f6608e021c7fc0e_attempt2.request.json,https://arb1.arbitrum.io/rpc,2026-10-08T07:09:22.826584+00:00,POST,fill_42161_eth_getTransactionByHash_0x0f507df0eb71a6c260aae39275f7eb9fc6deae0c3f0b7b499f6608e021c7fc0e_attempt2.response.json,,
V02S0428,raw_sources/fill_42161_eth_getTransactionByHash_0x1041e0a8ce2d51e65cc0efc81428196da453a787258b7fb35a334e802c9b8ad7.request.json,https://arb1.arbitrum.io/rpc,2026-10-08T07:07:54.318764+00:00,POST,fill_42161_eth_getTransactionByHash_0x1041e0a8ce2d51e65cc0efc81428196da453a787258b7fb35a334e802c9b8ad7.response.json,,
V02S0429,raw_sources/fill_42161_eth_getTransactionByHash_0x1041e0a8ce2d51e65cc0efc81428196da453a787258b7fb35a334e802c9b8ad7_attempt2.request.json,https://arb1.arbitrum.io/rpc,2026-10-08T07:09:22.821253+00:00,POST,fill_42161_eth_getTransactionByHash_0x1041e0a8ce2d51e65cc0efc81428196da453a787258b7fb35a334e802c9b8ad7_attempt2.response.json,,
V02S0430,raw_sources/fill_42161_eth_getTransactionByHash_0x22523df4c8d5cb3dc94e613fea374031cc9624112280e4dc8266492a269f5a8c.request.json,https://arb1.arbitrum.io/rpc,2026-10-08T07:08:02.221929+00:00,POST,fill_42161_eth_getTransactionByHash_0x22523df4c8d5cb3dc94e613fea374031cc9624112280e4dc8266492a269f5a8c.response.json,,
V02S0431,raw_sources/fill_42161_eth_getTransactionByHash_0x22523df4c8d5cb3dc94e613fea374031cc9624112280e4dc8266492a269f5a8c_attempt2.request.json,https://arb1.arbitrum.io/rpc,2026-10-08T07:09:29.812648+00:00,POST,fill_42161_eth_getTransactionByHash_0x22523df4c8d5cb3dc94e613fea374031cc9624112280e4dc8266492a269f5a8c_attempt2.response.json,,
V02S0432,raw_sources/fill_42161_eth_getTransactionByHash_0x5539e26c7a817ede5998087dca9e8ecfa7efa17db1e5928da11e16d06a157b0d.request.json,https://arb1.arbitrum.io/rpc,2026-10-08T07:09:37.489313+00:00,POST,fill_42161_eth_getTransactionByHash_0x5539e26c7a817ede5998087dca9e8ecfa7efa17db1e5928da11e16d06a157b0d.response.json,,
V02S0433,raw_sources/fill_42161_eth_getTransactionByHash_0xaa0aff84d1af6b40ac845970c0cfa038cceab2bd7327b5f2558165fd6325ce72.request.json,https://arb1.arbitrum.io/rpc,2026-10-08T07:08:08.454428+00:00,POST,fill_42161_eth_getTransactionByHash_0xaa0aff84d1af6b40ac845970c0cfa038cceab2bd7327b5f2558165fd6325ce72.response.json,,
V02S0434,raw_sources/fill_42161_eth_getTransactionByHash_0xaa0aff84d1af6b40ac845970c0cfa038cceab2bd7327b5f2558165fd6325ce72_attempt2.request.json,https://arb1.arbitrum.io/rpc,2026-10-08T07:09:45.765354+00:00,POST,fill_42161_eth_getTransactionByHash_0xaa0aff84d1af6b40ac845970c0cfa038cceab2bd7327b5f2558165fd6325ce72_attempt2.response.json,,
V02S0435,raw_sources/fill_42161_eth_getTransactionByHash_0xd9438790a10d9358ddd320e5e89cc66431c94948532cabc2a0d08ca639ea1fe6.request.json,https://arb1.arbitrum.io/rpc,2026-10-08T07:09:37.376535+00:00,POST,fill_42161_eth_getTransactionByHash_0xd9438790a10d9358ddd320e5e89cc66431c94948532cabc2a0d08ca639ea1fe6.response.json,,
V02S0436,raw_sources/fill_42161_eth_getTransactionReceipt_0x0f507df0eb71a6c260aae39275f7eb9fc6deae0c3f0b7b499f6608e021c7fc0e.request.json,https://arb1.arbitrum.io/rpc,2026-10-08T07:07:54.327232+00:00,POST,fill_42161_eth_getTransactionReceipt_0x0f507df0eb71a6c260aae39275f7eb9fc6deae0c3f0b7b499f6608e021c7fc0e.response.json,,
V02S0437,raw_sources/fill_42161_eth_getTransactionReceipt_0x0f507df0eb71a6c260aae39275f7eb9fc6deae0c3f0b7b499f6608e021c7fc0e_attempt2.request.json,https://arb1.arbitrum.io/rpc,2026-10-08T07:09:22.829384+00:00,POST,fill_42161_eth_getTransactionReceipt_0x0f507df0eb71a6c260aae39275f7eb9fc6deae0c3f0b7b499f6608e021c7fc0e_attempt2.response.json,,
V02S0438,raw_sources/fill_42161_eth_getTransactionReceipt_0x1041e0a8ce2d51e65cc0efc81428196da453a787258b7fb35a334e802c9b8ad7.request.json,https://arb1.arbitrum.io/rpc,2026-10-08T07:07:54.321221+00:00,POST,fill_42161_eth_getTransactionReceipt_0x1041e0a8ce2d51e65cc0efc81428196da453a787258b7fb35a334e802c9b8ad7.response.json,,
V02S0439,raw_sources/fill_42161_eth_getTransactionReceipt_0x1041e0a8ce2d51e65cc0efc81428196da453a787258b7fb35a334e802c9b8ad7_attempt2.request.json,https://arb1.arbitrum.io/rpc,2026-10-08T07:09:22.819674+00:00,POST,fill_42161_eth_getTransactionReceipt_0x1041e0a8ce2d51e65cc0efc81428196da453a787258b7fb35a334e802c9b8ad7_attempt2.response.json,,
V02S0440,raw_sources/fill_42161_eth_getTransactionReceipt_0x22523df4c8d5cb3dc94e613fea374031cc9624112280e4dc8266492a269f5a8c.request.json,https://arb1.arbitrum.io/rpc,2026-10-08T07:08:02.224776+00:00,POST,fill_42161_eth_getTransactionReceipt_0x22523df4c8d5cb3dc94e613fea374031cc9624112280e4dc8266492a269f5a8c.response.json,,
V02S0441,raw_sources/fill_42161_eth_getTransactionReceipt_0x22523df4c8d5cb3dc94e613fea374031cc9624112280e4dc8266492a269f5a8c_attempt2.request.json,https://arb1.arbitrum.io/rpc,2026-10-08T07:09:29.831764+00:00,POST,fill_42161_eth_getTransactionReceipt_0x22523df4c8d5cb3dc94e613fea374031cc9624112280e4dc8266492a269f5a8c_attempt2.response.json,,
V02S0442,raw_sources/fill_42161_eth_getTransactionReceipt_0x5539e26c7a817ede5998087dca9e8ecfa7efa17db1e5928da11e16d06a157b0d.request.json,https://arb1.arbitrum.io/rpc,2026-10-08T07:09:37.536224+00:00,POST,fill_42161_eth_getTransactionReceipt_0x5539e26c7a817ede5998087dca9e8ecfa7efa17db1e5928da11e16d06a157b0d.response.json,,
V02S0443,raw_sources/fill_42161_eth_getTransactionReceipt_0xaa0aff84d1af6b40ac845970c0cfa038cceab2bd7327b5f2558165fd6325ce72.request.json,https://arb1.arbitrum.io/rpc,2026-10-08T07:08:08.474605+00:00,POST,fill_42161_eth_getTransactionReceipt_0xaa0aff84d1af6b40ac845970c0cfa038cceab2bd7327b5f2558165fd6325ce72.response.json,,
V02S0444,raw_sources/fill_42161_eth_getTransactionReceipt_0xaa0aff84d1af6b40ac845970c0cfa038cceab2bd7327b5f2558165fd6325ce72_attempt2.request.json,https://arb1.arbitrum.io/rpc,2026-10-08T07:09:45.801128+00:00,POST,fill_42161_eth_getTransactionReceipt_0xaa0aff84d1af6b40ac845970c0cfa038cceab2bd7327b5f2558165fd6325ce72_attempt2.response.json,,
V02S0445,raw_sources/fill_42161_eth_getTransactionReceipt_0xd9438790a10d9358ddd320e5e89cc66431c94948532cabc2a0d08ca639ea1fe6.request.json,https://arb1.arbitrum.io/rpc,2026-10-08T07:09:37.451045+00:00,POST,fill_42161_eth_getTransactionReceipt_0xd9438790a10d9358ddd320e5e89cc66431c94948532cabc2a0d08ca639ea1fe6.response.json,,
V02S0446,raw_sources/fill_block_42161_512422000.request.json,https://arb1.arbitrum.io/rpc,2026-10-08T07:08:08.495490+00:00,POST,fill_block_42161_512422000.response.json,,
V02S0447,raw_sources/fill_block_42161_512422000_attempt2.request.json,https://arb1.arbitrum.io/rpc,2026-10-08T07:09:45.813780+00:00,POST,fill_block_42161_512422000_attempt2.response.json,,
V02S0448,raw_sources/fill_block_42161_512422714.request.json,https://arb1.arbitrum.io/rpc,2026-10-08T07:08:02.125941+00:00,POST,fill_block_42161_512422714.response.json,,
V02S0449,raw_sources/fill_block_42161_512422714_attempt2.request.json,https://arb1.arbitrum.io/rpc,2026-10-08T07:09:29.725982+00:00,POST,fill_block_42161_512422714_attempt2.response.json,,
V02S0450,raw_sources/fill_block_42161_512423448.request.json,https://arb1.arbitrum.io/rpc,2026-10-08T07:09:37.457967+00:00,POST,fill_block_42161_512423448.response.json,,
V02S0451,raw_sources/fill_block_42161_512426644.request.json,https://arb1.arbitrum.io/rpc,2026-10-08T07:09:45.714010+00:00,POST,fill_block_42161_512426644.response.json,,
V02S0452,raw_sources/fill_block_42161_512427662.request.json,https://arb1.arbitrum.io/rpc,2026-10-08T07:08:02.231208+00:00,POST,fill_block_42161_512427662.response.json,,
V02S0453,raw_sources/fill_block_42161_512427662_attempt2.request.json,https://arb1.arbitrum.io/rpc,2026-10-08T07:09:29.838932+00:00,POST,fill_block_42161_512427662_attempt2.response.json,,
V02S0454,raw_sources/fill_block_42161_512428713.request.json,https://arb1.arbitrum.io/rpc,2026-10-08T07:07:54.322167+00:00,POST,fill_block_42161_512428713.response.json,,
V02S0455,raw_sources/fill_block_42161_512428713_attempt2.request.json,https://arb1.arbitrum.io/rpc,2026-10-08T07:09:22.818543+00:00,POST,fill_block_42161_512428713_attempt2.response.json,,
V02S0456,raw_sources/fill_chain_42161.request.json,https://arb1.arbitrum.io/rpc,2026-10-08T07:08:02.145653+00:00,POST,fill_chain_42161.response.json,,
V02S0457,raw_sources/fill_chain_42161_attempt2.request.json,https://arb1.arbitrum.io/rpc,2026-10-08T07:08:08.512592+00:00,POST,fill_chain_42161_attempt2.response.json,,
V02S0458,raw_sources/fill_chain_42161_attempt3.request.json,https://arb1.arbitrum.io/rpc,2026-10-08T07:09:29.789377+00:00,POST,fill_chain_42161_attempt3.response.json,,
V02S0459,raw_sources/fill_chain_42161_attempt4.request.json,https://arb1.arbitrum.io/rpc,2026-10-08T07:09:29.874406+00:00,POST,fill_chain_42161_attempt4.response.json,,
V02S0460,raw_sources/fill_chain_42161_attempt5.request.json,https://arb1.arbitrum.io/rpc,2026-10-08T07:09:45.724263+00:00,POST,fill_chain_42161_attempt5.response.json,,
V02S0461,raw_sources/fill_chain_42161_attempt6.request.json,https://arb1.arbitrum.io/rpc,2026-10-08T07:09:45.821201+00:00,POST,fill_chain_42161_attempt6.response.json,,
V02S0462,raw_sources/grr_history.request.json,https://api.mainnet-beta.solana.com,2026-10-08T06:40:58.893915+00:00,getSignaturesForAddress,grr_history.response.json,,
V02S0463,raw_sources/lifi_bridge_interface.request.json,https://raw.githubusercontent.com/lifinance/contracts/main/src/Interfaces/ILiFi.sol,2026-10-08T07:06:42.305437+00:00,GET,lifi_bridge_interface.response.json,,
V02S0464,raw_sources/lifi_mayan_source.request.json,https://raw.githubusercontent.com/lifinance/contracts/main/src/Facets/MayanFacet.sol,2026-10-08T07:06:42.304795+00:00,GET,lifi_mayan_source.response.json,,
V02S0465,raw_sources/lifi_relay_interface.request.json,https://raw.githubusercontent.com/lifinance/contracts/main/src/Interfaces/IRelayDepository.sol,2026-10-08T07:06:42.302945+00:00,GET,lifi_relay_interface.response.json,,
V02S0466,raw_sources/lifi_relay_source.request.json,https://raw.githubusercontent.com/lifinance/contracts/main/src/Facets/RelayDepositoryFacet.sol,2026-10-08T07:04:56.683065+00:00,GET,lifi_relay_source.response.json,,
V02S0467,raw_sources/lifi_relay_source_retry.request.json,https://raw.githubusercontent.com/lifinance/contracts/main/src/Facets/RelayDepositoryFacet.sol,2026-10-08T07:05:26.911656+00:00,GET,lifi_relay_source_retry.response.json,,
V02S0468,raw_sources/mint_zes.request.json,https://api.mainnet-beta.solana.com,2026-10-08T06:40:58.890073+00:00,getAccountInfo,mint_zes.response.json,,
V02S0469,raw_sources/relay_bridge_sample.request.json,https://api.relay.link/requests/v2?hash=0xa7da5d044b2a34fd2105862dfed7b947254bd7ff12d7567e91be48d649f18d3c&limit=20,2026-10-08T07:05:01.378624+00:00,GET,relay_bridge_sample.response.json,,
V02S0470,raw_sources/relay_hash_0x1c11dd43f8f19a4b6edde47ae3f4648617337d9df000a645b8d827b051e621b3.request.json,https://api.relay.link/requests/v2?hash=0x1c11dd43f8f19a4b6edde47ae3f4648617337d9df000a645b8d827b051e621b3&limit=50,2026-10-08T06:58:09.514772+00:00,GET,,HTTP Error 429: Too Many Requests,
V02S0471,raw_sources/relay_hash_0x204c2bf7375b0d44cc648f630a09a9c32e93fe8cedc416f6587012c2afa7cc99.request.json,https://api.relay.link/requests/v2?hash=0x204c2bf7375b0d44cc648f630a09a9c32e93fe8cedc416f6587012c2afa7cc99&limit=50,2026-10-08T06:58:02.479496+00:00,GET,,HTTP Error 429: Too Many Requests,
V02S0472,raw_sources/relay_hash_0x256e23f3f796ae3e894d53dc55e00c10f4587342bad1a548611e26bf888b8598.request.json,https://api.relay.link/requests/v2?hash=0x256e23f3f796ae3e894d53dc55e00c10f4587342bad1a548611e26bf888b8598&limit=50,2026-10-08T06:58:16.559881+00:00,GET,,HTTP Error 429: Too Many Requests,
V02S0473,raw_sources/relay_hash_0x34fa1689d4c5f1536fa1d31a2551999de672a0433d06f2a04297c3ac4c105ca0.request.json,https://api.relay.link/requests/v2?hash=0x34fa1689d4c5f1536fa1d31a2551999de672a0433d06f2a04297c3ac4c105ca0&limit=50,2026-10-08T06:58:24.014977+00:00,GET,,HTTP Error 429: Too Many Requests,
V02S0474,raw_sources/relay_hash_0x3789975ee044ca6f6a17a2522491152528c644ebc74760ba808c03284acd5d3d.request.json,https://api.relay.link/requests/v2?hash=0x3789975ee044ca6f6a17a2522491152528c644ebc74760ba808c03284acd5d3d&limit=50,2026-10-08T06:58:06.065414+00:00,GET,,HTTP Error 429: Too Many Requests,
V02S0475,raw_sources/relay_hash_0x37bdacbff2fb780c54fd65a79234ef73ada43510d4f7e94f95da95124f97506c.request.json,https://api.relay.link/requests/v2?hash=0x37bdacbff2fb780c54fd65a79234ef73ada43510d4f7e94f95da95124f97506c&limit=50,2026-10-08T06:58:21.708262+00:00,GET,,HTTP Error 429: Too Many Requests,
V02S0476,raw_sources/relay_hash_0x3902c808cd20136c203bb596b194df239d86ad7d7f92abd27144554ecf96b310.request.json,https://api.relay.link/requests/v2?hash=0x3902c808cd20136c203bb596b194df239d86ad7d7f92abd27144554ecf96b310&limit=50,2026-10-08T06:58:09.793792+00:00,GET,,HTTP Error 429: Too Many Requests,
V02S0477,raw_sources/relay_hash_0x40b2dbfa574a55c164af13c1d15f37479d43bd40f17745500b7d6a24fb5aba2d.request.json,https://api.relay.link/requests/v2?hash=0x40b2dbfa574a55c164af13c1d15f37479d43bd40f17745500b7d6a24fb5aba2d&limit=50,2026-10-08T06:58:05.980929+00:00,GET,,HTTP Error 429: Too Many Requests,
V02S0478,raw_sources/relay_hash_0x54ef8bb24152d4dbeb87ee2dcd754386d6d73e814058caa1295f95a612011b26.request.json,https://api.relay.link/requests/v2?hash=0x54ef8bb24152d4dbeb87ee2dcd754386d6d73e814058caa1295f95a612011b26&limit=50,2026-10-08T06:58:02.508494+00:00,GET,relay_hash_0x54ef8bb24152d4dbeb87ee2dcd754386d6d73e814058caa1295f95a612011b26.response.json,,
V02S0479,raw_sources/relay_hash_0x5c9449cc0171f3c99132a640d9e9a5316343a8cc6d3a03d9575e11c1d7be42bb.request.json,https://api.relay.link/requests/v2?hash=0x5c9449cc0171f3c99132a640d9e9a5316343a8cc6d3a03d9575e11c1d7be42bb&limit=50,2026-10-08T06:58:20.106778+00:00,GET,,HTTP Error 429: Too Many Requests,
V02S0480,raw_sources/relay_hash_0x60f111e77801bdfa77b897903cb5b586562adcb34de9ba3cac72bd96bd25240c.request.json,https://api.relay.link/requests/v2?hash=0x60f111e77801bdfa77b897903cb5b586562adcb34de9ba3cac72bd96bd25240c&limit=50,2026-10-08T06:58:21.764166+00:00,GET,,HTTP Error 429: Too Many Requests,
V02S0481,raw_sources/relay_hash_0x6eea8dafb3153339f5e3b558afec6c6a7c91ba0d3e3f4f11b106049f117f52d4.request.json,https://api.relay.link/requests/v2?hash=0x6eea8dafb3153339f5e3b558afec6c6a7c91ba0d3e3f4f11b106049f117f52d4&limit=50,2026-10-08T06:58:15.768818+00:00,GET,,HTTP Error 429: Too Many Requests,
V02S0482,raw_sources/relay_hash_0x94a897e1ccac338de2846a207179eaf0dd11aee71adb8e0cc934ea5ad5f3c388.request.json,https://api.relay.link/requests/v2?hash=0x94a897e1ccac338de2846a207179eaf0dd11aee71adb8e0cc934ea5ad5f3c388&limit=50,2026-10-08T06:58:02.492325+00:00,GET,relay_hash_0x94a897e1ccac338de2846a207179eaf0dd11aee71adb8e0cc934ea5ad5f3c388.response.json,,
V02S0483,raw_sources/relay_hash_0xb702d3f24586a8f8c74530573e17609b43fa18c088e11c2591cd5c6eb5a49ea6.request.json,https://api.relay.link/requests/v2?hash=0xb702d3f24586a8f8c74530573e17609b43fa18c088e11c2591cd5c6eb5a49ea6&limit=50,2026-10-08T06:58:13.000746+00:00,GET,,HTTP Error 429: Too Many Requests,
V02S0484,raw_sources/relay_hash_0xeb61708b358adfb0bae70d3972d65e0e754a027e1bbb1cdf46d33d47c4481dbd.request.json,https://api.relay.link/requests/v2?hash=0xeb61708b358adfb0bae70d3972d65e0e754a027e1bbb1cdf46d33d47c4481dbd&limit=50,2026-10-08T06:58:15.644881+00:00,GET,,HTTP Error 429: Too Many Requests,
V02S0485,raw_sources/relay_order_0x2c47553052b3b340a4de189d123121346e15dbbb77b5f121b35b2223010b1a2c.request.json,https://api.relay.link/requests/v2?orderId=0x2c47553052b3b340a4de189d123121346e15dbbb77b5f121b35b2223010b1a2c&includeOrderData=true&limit=20,2026-10-08T07:07:33.807116+00:00,GET,relay_order_0x2c47553052b3b340a4de189d123121346e15dbbb77b5f121b35b2223010b1a2c.response.json,,
V02S0486,raw_sources/relay_order_0x63a2c7c70a812b2e6ce30ba8f854213c6b723d52d03a2eb6a6a1cc7dae0bf609.request.json,https://api.relay.link/requests/v2?orderId=0x63a2c7c70a812b2e6ce30ba8f854213c6b723d52d03a2eb6a6a1cc7dae0bf609&includeOrderData=true&limit=20,2026-10-08T07:08:10.213151+00:00,GET,relay_order_0x63a2c7c70a812b2e6ce30ba8f854213c6b723d52d03a2eb6a6a1cc7dae0bf609.response.json,,
V02S0487,raw_sources/relay_order_0x7ab4cd08f2c4ebaac0e9b0e1a3754c5bff6384df6ea83593c800899c6e988e25.request.json,https://api.relay.link/requests/v2?orderId=0x7ab4cd08f2c4ebaac0e9b0e1a3754c5bff6384df6ea83593c800899c6e988e25&includeOrderData=true&limit=20,2026-10-08T07:06:57.329928+00:00,GET,relay_order_0x7ab4cd08f2c4ebaac0e9b0e1a3754c5bff6384df6ea83593c800899c6e988e25.response.json,,
V02S0488,raw_sources/relay_order_0xa3aa5ee082ad3f379f83f7d708de22559705396faa1b93ec92b1366586f2ac96.request.json,https://api.relay.link/requests/v2?orderId=0xa3aa5ee082ad3f379f83f7d708de22559705396faa1b93ec92b1366586f2ac96&includeOrderData=true&limit=20,2026-10-08T07:08:44.821786+00:00,GET,relay_order_0xa3aa5ee082ad3f379f83f7d708de22559705396faa1b93ec92b1366586f2ac96.response.json,,
V02S0489,raw_sources/relay_order_0xb46e5087237e95fb580e2158dee2e66242c250a08dd7971445f8b44a914cc240.request.json,https://api.relay.link/requests/v2?orderId=0xb46e5087237e95fb580e2158dee2e66242c250a08dd7971445f8b44a914cc240&includeOrderData=true&limit=20,2026-10-08T07:06:20.508618+00:00,GET,relay_order_0xb46e5087237e95fb580e2158dee2e66242c250a08dd7971445f8b44a914cc240.response.json,,
V02S0490,raw_sources/relay_order_sample.request.json,https://api.relay.link/requests/v2?orderId=0xbac68fc34d9c7c6cd9b64f82a358cc4a4cdae8687e48440c182f0e6089681172&includeOrderData=true&limit=20,2026-10-08T07:05:19.816011+00:00,GET,relay_order_sample.response.json,,
V02S0491,raw_sources/relay_request_sample.request.json,https://api.relay.link/requests/v2?hash=0x05aa98a030faf4e61ef1794b5adacb1ea5c35e499c26bb07cd1fc4fc776037e7&limit=20,2026-10-08T07:01:18.387341+00:00,GET,relay_request_sample.response.json,,
V02S0492,raw_sources/relay_requests_docs.request.json,https://docs.relay.link/references/api/get-requests-v2,2026-10-08T06:57:28.566947+00:00,GET,relay_requests_docs.response.json,,
V02S0493,raw_sources/relay_source_trace_0x1ccc5f8252b7526196559af98022083107cda7317c787e8a3d511d88b8eef11f.request.json,https://eth.drpc.org,2026-10-08T07:09:48.765228+00:00,POST,relay_source_trace_0x1ccc5f8252b7526196559af98022083107cda7317c787e8a3d511d88b8eef11f.response.json,,
V02S0494,raw_sources/relay_source_trace_0x8c0803288283195b973a6587507e6d02884b60241b63dad310c0a08c8c76871a.request.json,https://eth.drpc.org,2026-10-08T07:09:48.768160+00:00,POST,relay_source_trace_0x8c0803288283195b973a6587507e6d02884b60241b63dad310c0a08c8c76871a.response.json,,
V02S0495,raw_sources/relay_source_trace_0x8d9c1f92bb72579372e43ca8a47bb1787c8d652ffd366deb9a99d81a1f45a084.request.json,https://eth.drpc.org,2026-10-08T07:09:48.770906+00:00,POST,relay_source_trace_0x8d9c1f92bb72579372e43ca8a47bb1787c8d652ffd366deb9a99d81a1f45a084.response.json,,
V02S0496,raw_sources/relay_source_trace_0xa7da5d044b2a34fd2105862dfed7b947254bd7ff12d7567e91be48d649f18d3c.request.json,https://eth.drpc.org,2026-10-08T07:09:48.761046+00:00,POST,relay_source_trace_0xa7da5d044b2a34fd2105862dfed7b947254bd7ff12d7567e91be48d649f18d3c.response.json,,
V02S0497,raw_sources/relay_source_trace_0xba287a4b921f1280694f005aee33a08939c1a8cafd4a30ba4251384c87a99818.request.json,https://eth.drpc.org,2026-10-08T07:09:48.766775+00:00,POST,relay_source_trace_0xba287a4b921f1280694f005aee33a08939c1a8cafd4a30ba4251384c87a99818.response.json,,
V02S0498,raw_sources/relay_source_trace_0xdc868a5f0a211154b818dc96ff8a0e5a8ef2b7a26ef4cc0ed66a6b18a49f4362.request.json,https://eth.drpc.org,2026-10-08T07:09:48.769321+00:00,POST,relay_source_trace_0xdc868a5f0a211154b818dc96ff8a0e5a8ef2b7a26ef4cc0ed66a6b18a49f4362.response.json,,
V02S0499,raw_sources/relay_v2_0.request.json,https://api.relay.link/requests/v2?user=0x14AA2A71dbb5eF87b81F92205E2699AA4aa65794&limit=50,,GET,relay_v2_0.response.json,,Successful initial response retained. Its initial request metadata was overwritten by a failed duplicate attempt before append-only collector was introduced; exact successful retrieval time is NOT ESTABLISHED. Failed attempt metadata is separately preserved.
V02S0500,raw_sources/relay_v2_0_attempt2.request.json,https://api.relay.link/requests/v2?user=0x14AA2A71dbb5eF87b81F92205E2699AA4aa65794&limit=50,2026-10-08T06:57:21.634072+00:00,GET,,HTTP Error 429: Too Many Requests,
V02S0501,raw_sources/relay_v2_1.request.json,https://api.relay.link/requests/v2?user=0x427C4b37de0714821B09C4FC655a713AbbCfbA83&limit=50,,GET,relay_v2_1.response.json,,Successful initial response retained. Its initial request metadata was overwritten by a failed duplicate attempt before append-only collector was introduced; exact successful retrieval time is NOT ESTABLISHED. Failed attempt metadata is separately preserved.
V02S0502,raw_sources/relay_v2_1_attempt2.request.json,https://api.relay.link/requests/v2?user=0x427C4b37de0714821B09C4FC655a713AbbCfbA83&limit=50,2026-10-08T06:57:21.648969+00:00,GET,,HTTP Error 429: Too Many Requests,
V02S0503,raw_sources/relay_v3_0.request.json,https://api.relay.link/requests/v3?user=0x14AA2A71dbb5eF87b81F92205E2699AA4aa65794&limit=50,2026-10-08T06:57:21.635666+00:00,GET,,HTTP Error 400: Bad Request,
V02S0504,raw_sources/relay_v3_1.request.json,https://api.relay.link/requests/v3?user=0x427C4b37de0714821B09C4FC655a713AbbCfbA83&limit=50,2026-10-08T06:57:26.163166+00:00,GET,,HTTP Error 400: Bad Request,
V02S0505,raw_sources/rh_all_transfer_logs_0.request.json,https://rpc.mainnet.chain.robinhood.com,2026-10-08T07:10:21.622505+00:00,POST,rh_all_transfer_logs_0.response.json,,
V02S0506,raw_sources/rh_all_transfer_logs_1.request.json,https://rpc.mainnet.chain.robinhood.com,2026-10-08T07:10:21.638391+00:00,POST,rh_all_transfer_logs_1.response.json,,
V02S0507,raw_sources/rh_ankr.request.json,https://rpc.ankr.com/robinhood,2026-10-08T06:45:33.977665+00:00,eth_chainId,,HTTP Error 403: Forbidden,
V02S0508,raw_sources/rh_block_81904175.request.json,https://rpc.mainnet.chain.robinhood.com,2026-10-08T08:02:57.842509+00:00,POST,rh_block_81904175.response.json,,
V02S0509,raw_sources/rh_block_81914123.request.json,https://rpc.mainnet.chain.robinhood.com,2026-10-08T08:02:57.789212+00:00,POST,rh_block_81914123.response.json,,
V02S0510,raw_sources/rh_block_81914221.request.json,https://rpc.mainnet.chain.robinhood.com,2026-10-08T08:02:42.489687+00:00,POST,rh_block_81914221.response.json,,
V02S0511,raw_sources/rh_block_81914378.request.json,https://rpc.mainnet.chain.robinhood.com,2026-10-08T08:02:51.181921+00:00,POST,rh_block_81914378.response.json,,
V02S0512,raw_sources/rh_block_81914544.request.json,https://rpc.mainnet.chain.robinhood.com,2026-10-08T08:02:51.227882+00:00,POST,rh_block_81914544.response.json,,
V02S0513,raw_sources/rh_block_81914753.request.json,https://rpc.mainnet.chain.robinhood.com,2026-10-08T08:02:55.627343+00:00,POST,rh_block_81914753.response.json,,
V02S0514,raw_sources/rh_block_81914934.request.json,https://rpc.mainnet.chain.robinhood.com,2026-10-08T08:02:47.228513+00:00,POST,rh_block_81914934.response.json,,
V02S0515,raw_sources/rh_block_81915284.request.json,https://rpc.mainnet.chain.robinhood.com,2026-10-08T08:02:51.176979+00:00,POST,rh_block_81915284.response.json,,
V02S0516,raw_sources/rh_end_0.request.json,https://rpc.mainnet.chain.robinhood.com,2026-10-08T07:56:56.176256+00:00,POST,rh_end_0.response.json,,
V02S0517,raw_sources/rh_end_1.request.json,https://rpc.mainnet.chain.robinhood.com,2026-10-08T07:57:02.864611+00:00,POST,rh_end_1.response.json,,
V02S0518,raw_sources/rh_end_10.request.json,https://rpc.mainnet.chain.robinhood.com,2026-10-08T07:58:20.394366+00:00,POST,rh_end_10.response.json,,
V02S0519,raw_sources/rh_end_11.request.json,https://rpc.mainnet.chain.robinhood.com,2026-10-08T07:58:29.088882+00:00,POST,rh_end_11.response.json,,
V02S0520,raw_sources/rh_end_12.request.json,https://rpc.mainnet.chain.robinhood.com,2026-10-08T07:58:36.282860+00:00,POST,rh_end_12.response.json,,
V02S0521,raw_sources/rh_end_13.request.json,https://rpc.mainnet.chain.robinhood.com,2026-10-08T07:58:43.804823+00:00,POST,rh_end_13.response.json,,
V02S0522,raw_sources/rh_end_14.request.json,https://rpc.mainnet.chain.robinhood.com,2026-10-08T07:58:53.108906+00:00,POST,rh_end_14.response.json,,
V02S0523,raw_sources/rh_end_15.request.json,https://rpc.mainnet.chain.robinhood.com,2026-10-08T07:59:00.253567+00:00,POST,rh_end_15.response.json,,
V02S0524,raw_sources/rh_end_16.request.json,https://rpc.mainnet.chain.robinhood.com,2026-10-08T07:59:09.431121+00:00,POST,rh_end_16.response.json,,
V02S0525,raw_sources/rh_end_17.request.json,https://rpc.mainnet.chain.robinhood.com,2026-10-08T07:59:18.764553+00:00,POST,rh_end_17.response.json,,
V02S0526,raw_sources/rh_end_18.request.json,https://rpc.mainnet.chain.robinhood.com,2026-10-08T07:59:26.968602+00:00,POST,rh_end_18.response.json,,
V02S0527,raw_sources/rh_end_19.request.json,https://rpc.mainnet.chain.robinhood.com,2026-10-08T07:59:33.653775+00:00,POST,rh_end_19.response.json,,
V02S0528,raw_sources/rh_end_2.request.json,https://rpc.mainnet.chain.robinhood.com,2026-10-08T07:57:14.506977+00:00,POST,rh_end_2.response.json,,
V02S0529,raw_sources/rh_end_20.request.json,https://rpc.mainnet.chain.robinhood.com,2026-10-08T07:59:41.700373+00:00,POST,rh_end_20.response.json,,
V02S0530,raw_sources/rh_end_21.request.json,https://rpc.mainnet.chain.robinhood.com,2026-10-08T07:59:49.960492+00:00,POST,rh_end_21.response.json,,
V02S0531,raw_sources/rh_end_22.request.json,https://rpc.mainnet.chain.robinhood.com,2026-10-08T07:59:57.900377+00:00,POST,rh_end_22.response.json,,
V02S0532,raw_sources/rh_end_23.request.json,https://rpc.mainnet.chain.robinhood.com,2026-10-08T08:00:05.466548+00:00,POST,rh_end_23.response.json,,
V02S0533,raw_sources/rh_end_24.request.json,https://rpc.mainnet.chain.robinhood.com,2026-10-08T08:00:11.205989+00:00,POST,rh_end_24.response.json,,
V02S0534,raw_sources/rh_end_25.request.json,https://rpc.mainnet.chain.robinhood.com,2026-10-08T08:00:24.360789+00:00,POST,rh_end_25.response.json,,
V02S0535,raw_sources/rh_end_26.request.json,https://rpc.mainnet.chain.robinhood.com,2026-10-08T08:00:32.322853+00:00,POST,rh_end_26.response.json,,
V02S0536,raw_sources/rh_end_3.request.json,https://rpc.mainnet.chain.robinhood.com,2026-10-08T07:57:24.008060+00:00,POST,rh_end_3.response.json,,
V02S0537,raw_sources/rh_end_4.request.json,https://rpc.mainnet.chain.robinhood.com,2026-10-08T07:57:28.571515+00:00,POST,rh_end_4.response.json,,
V02S0538,raw_sources/rh_end_5.request.json,https://rpc.mainnet.chain.robinhood.com,2026-10-08T07:57:37.113692+00:00,POST,rh_end_5.response.json,,
V02S0539,raw_sources/rh_end_6.request.json,https://rpc.mainnet.chain.robinhood.com,2026-10-08T07:57:44.421247+00:00,POST,rh_end_6.response.json,,
V02S0540,raw_sources/rh_end_7.request.json,https://rpc.mainnet.chain.robinhood.com,2026-10-08T07:57:57.413962+00:00,POST,rh_end_7.response.json,,
V02S0541,raw_sources/rh_end_8.request.json,https://rpc.mainnet.chain.robinhood.com,2026-10-08T07:58:03.977643+00:00,POST,rh_end_8.response.json,,
V02S0542,raw_sources/rh_end_9.request.json,https://rpc.mainnet.chain.robinhood.com,2026-10-08T07:58:12.925251+00:00,POST,rh_end_9.response.json,,
V02S0543,raw_sources/rh_eth_getTransactionByHash_0x40d27bb8c43a3f9894e9cc370f0ede1cdd6c383a39161a27e96314c3d1713050.request.json,https://rpc.mainnet.chain.robinhood.com,2026-10-08T08:02:06.632939+00:00,POST,rh_eth_getTransactionByHash_0x40d27bb8c43a3f9894e9cc370f0ede1cdd6c383a39161a27e96314c3d1713050.response.json,,
V02S0544,raw_sources/rh_eth_getTransactionByHash_0x41a0a024f32c6f8299b85645163ad1fbf740f5317445d9f1d316bbfd44547020.request.json,https://rpc.mainnet.chain.robinhood.com,2026-10-08T08:02:13.090699+00:00,POST,rh_eth_getTransactionByHash_0x41a0a024f32c6f8299b85645163ad1fbf740f5317445d9f1d316bbfd44547020.response.json,,
V02S0545,raw_sources/rh_eth_getTransactionByHash_0x44a5ad893f64a338d607045068dc02e59ddea4e0d6d64ef186b72f0e3e861bc7.request.json,https://rpc.mainnet.chain.robinhood.com,2026-10-08T08:01:50.522302+00:00,POST,rh_eth_getTransactionByHash_0x44a5ad893f64a338d607045068dc02e59ddea4e0d6d64ef186b72f0e3e861bc7.response.json,,
V02S0546,raw_sources/rh_eth_getTransactionByHash_0x49e05a92a0b08841fac2b475877cd02732e957412d0e1a3cad706f489641c596.request.json,https://rpc.mainnet.chain.robinhood.com,2026-10-08T08:01:42.543336+00:00,POST,rh_eth_getTransactionByHash_0x49e05a92a0b08841fac2b475877cd02732e957412d0e1a3cad706f489641c596.response.json,,
V02S0547,raw_sources/rh_eth_getTransactionByHash_0x8f64098fb20160a16827dc109ad4d491fd80048a4eb90b2e7f1c7a9b31eff5db.request.json,https://rpc.mainnet.chain.robinhood.com,2026-10-08T08:01:50.572652+00:00,POST,rh_eth_getTransactionByHash_0x8f64098fb20160a16827dc109ad4d491fd80048a4eb90b2e7f1c7a9b31eff5db.response.json,,
V02S0548,raw_sources/rh_eth_getTransactionByHash_0x93e3a389c5ac4824eecb3805fe2d73cd0e924260cf7eabe86b44289262e22ecf.request.json,https://rpc.mainnet.chain.robinhood.com,2026-10-08T08:02:06.660636+00:00,POST,rh_eth_getTransactionByHash_0x93e3a389c5ac4824eecb3805fe2d73cd0e924260cf7eabe86b44289262e22ecf.response.json,,
V02S0549,raw_sources/rh_eth_getTransactionByHash_0xa71e132f397b427cc6f1bb58252a5c56b2e0a5dde14733c840103ec3552456a7.request.json,https://rpc.mainnet.chain.robinhood.com,2026-10-08T08:01:42.548403+00:00,POST,rh_eth_getTransactionByHash_0xa71e132f397b427cc6f1bb58252a5c56b2e0a5dde14733c840103ec3552456a7.response.json,,
V02S0550,raw_sources/rh_eth_getTransactionByHash_0xb919361e06714ff49fe00e802252273d3daa67ba1325dcecef49ed52b189a494.request.json,https://rpc.mainnet.chain.robinhood.com,2026-10-08T08:01:50.623822+00:00,POST,rh_eth_getTransactionByHash_0xb919361e06714ff49fe00e802252273d3daa67ba1325dcecef49ed52b189a494.response.json,,
V02S0551,raw_sources/rh_eth_getTransactionByHash_0xbf1158177a2f350f092b2426025b339bfeeaa77923e4e51c6bb216d3292b8171.request.json,https://rpc.mainnet.chain.robinhood.com,2026-10-08T08:01:42.545118+00:00,POST,rh_eth_getTransactionByHash_0xbf1158177a2f350f092b2426025b339bfeeaa77923e4e51c6bb216d3292b8171.response.json,,
V02S0552,raw_sources/rh_eth_getTransactionByHash_0xcce120c4ec3146307ebc93aa9583d4db913ac4b5bb227d96235a4adecf3da2ff.request.json,https://rpc.mainnet.chain.robinhood.com,2026-10-08T08:02:06.614072+00:00,POST,rh_eth_getTransactionByHash_0xcce120c4ec3146307ebc93aa9583d4db913ac4b5bb227d96235a4adecf3da2ff.response.json,,
V02S0553,raw_sources/rh_eth_getTransactionReceipt_0x40d27bb8c43a3f9894e9cc370f0ede1cdd6c383a39161a27e96314c3d1713050.request.json,https://rpc.mainnet.chain.robinhood.com,2026-10-08T08:02:06.658874+00:00,POST,rh_eth_getTransactionReceipt_0x40d27bb8c43a3f9894e9cc370f0ede1cdd6c383a39161a27e96314c3d1713050.response.json,,
V02S0554,raw_sources/rh_eth_getTransactionReceipt_0x41a0a024f32c6f8299b85645163ad1fbf740f5317445d9f1d316bbfd44547020.request.json,https://rpc.mainnet.chain.robinhood.com,2026-10-08T08:02:13.118403+00:00,POST,rh_eth_getTransactionReceipt_0x41a0a024f32c6f8299b85645163ad1fbf740f5317445d9f1d316bbfd44547020.response.json,,
V02S0555,raw_sources/rh_eth_getTransactionReceipt_0x44a5ad893f64a338d607045068dc02e59ddea4e0d6d64ef186b72f0e3e861bc7.request.json,https://rpc.mainnet.chain.robinhood.com,2026-10-08T08:01:50.568592+00:00,POST,rh_eth_getTransactionReceipt_0x44a5ad893f64a338d607045068dc02e59ddea4e0d6d64ef186b72f0e3e861bc7.response.json,,
V02S0556,raw_sources/rh_eth_getTransactionReceipt_0x49e05a92a0b08841fac2b475877cd02732e957412d0e1a3cad706f489641c596.request.json,https://rpc.mainnet.chain.robinhood.com,2026-10-08T08:01:42.544120+00:00,POST,rh_eth_getTransactionReceipt_0x49e05a92a0b08841fac2b475877cd02732e957412d0e1a3cad706f489641c596.response.json,,
V02S0557,raw_sources/rh_eth_getTransactionReceipt_0x8f64098fb20160a16827dc109ad4d491fd80048a4eb90b2e7f1c7a9b31eff5db.request.json,https://rpc.mainnet.chain.robinhood.com,2026-10-08T08:01:50.600332+00:00,POST,rh_eth_getTransactionReceipt_0x8f64098fb20160a16827dc109ad4d491fd80048a4eb90b2e7f1c7a9b31eff5db.response.json,,
V02S0558,raw_sources/rh_eth_getTransactionReceipt_0x93e3a389c5ac4824eecb3805fe2d73cd0e924260cf7eabe86b44289262e22ecf.request.json,https://rpc.mainnet.chain.robinhood.com,2026-10-08T08:02:06.730184+00:00,POST,rh_eth_getTransactionReceipt_0x93e3a389c5ac4824eecb3805fe2d73cd0e924260cf7eabe86b44289262e22ecf.response.json,,
V02S0559,raw_sources/rh_eth_getTransactionReceipt_0xa71e132f397b427cc6f1bb58252a5c56b2e0a5dde14733c840103ec3552456a7.request.json,https://rpc.mainnet.chain.robinhood.com,2026-10-08T08:01:42.547829+00:00,POST,rh_eth_getTransactionReceipt_0xa71e132f397b427cc6f1bb58252a5c56b2e0a5dde14733c840103ec3552456a7.response.json,,
V02S0560,raw_sources/rh_eth_getTransactionReceipt_0xb919361e06714ff49fe00e802252273d3daa67ba1325dcecef49ed52b189a494.request.json,https://rpc.mainnet.chain.robinhood.com,2026-10-08T08:01:50.628877+00:00,POST,rh_eth_getTransactionReceipt_0xb919361e06714ff49fe00e802252273d3daa67ba1325dcecef49ed52b189a494.response.json,,
V02S0561,raw_sources/rh_eth_getTransactionReceipt_0xbf1158177a2f350f092b2426025b339bfeeaa77923e4e51c6bb216d3292b8171.request.json,https://rpc.mainnet.chain.robinhood.com,2026-10-08T08:01:42.545607+00:00,POST,rh_eth_getTransactionReceipt_0xbf1158177a2f350f092b2426025b339bfeeaa77923e4e51c6bb216d3292b8171.response.json,,
V02S0562,raw_sources/rh_eth_getTransactionReceipt_0xcce120c4ec3146307ebc93aa9583d4db913ac4b5bb227d96235a4adecf3da2ff.request.json,https://rpc.mainnet.chain.robinhood.com,2026-10-08T08:02:06.620985+00:00,POST,rh_eth_getTransactionReceipt_0xcce120c4ec3146307ebc93aa9583d4db913ac4b5bb227d96235a4adecf3da2ff.response.json,,
V02S0563,raw_sources/rh_latest.request.json,https://rpc.mainnet.chain.robinhood.com,2026-10-08T07:10:21.620168+00:00,POST,rh_latest.response.json,,
V02S0564,raw_sources/rh_mainnet_token-transfers_0.request.json,https://robinhoodchain.blockscout.com/api/v2/addresses/0x14AA2A71dbb5eF87b81F92205E2699AA4aa65794/token-transfers,2026-10-08T07:06:21.877537+00:00,GET,,HTTP Error 403: Forbidden,
V02S0565,raw_sources/rh_mainnet_token-transfers_1.request.json,https://robinhoodchain.blockscout.com/api/v2/addresses/0x427C4b37de0714821B09C4FC655a713AbbCfbA83/token-transfers,2026-10-08T07:06:21.882044+00:00,GET,,HTTP Error 403: Forbidden,
V02S0566,raw_sources/rh_mainnet_transactions_0.request.json,https://robinhoodchain.blockscout.com/api/v2/addresses/0x14AA2A71dbb5eF87b81F92205E2699AA4aa65794/transactions,2026-10-08T07:06:21.875502+00:00,GET,,HTTP Error 403: Forbidden,
V02S0567,raw_sources/rh_mainnet_transactions_1.request.json,https://robinhoodchain.blockscout.com/api/v2/addresses/0x427C4b37de0714821B09C4FC655a713AbbCfbA83/transactions,2026-10-08T07:06:21.878757+00:00,GET,,HTTP Error 403: Forbidden,
V02S0568,raw_sources/rh_network_docs.request.json,https://docs.robinhood.com/chain/connecting/,2026-10-08T07:06:25.925700+00:00,GET,rh_network_docs.response.json,,
V02S0569,raw_sources/rh_official_chain_id.request.json,https://rpc.mainnet.chain.robinhood.com,2026-10-08T07:09:24.292932+00:00,POST,rh_official_chain_id.response.json,,
V02S0570,raw_sources/rh_official_nonce_0.request.json,https://rpc.mainnet.chain.robinhood.com,2026-10-08T07:09:24.295504+00:00,POST,rh_official_nonce_0.response.json,,
V02S0571,raw_sources/rh_official_nonce_1.request.json,https://rpc.mainnet.chain.robinhood.com,2026-10-08T07:09:24.297787+00:00,POST,rh_official_nonce_1.response.json,,
V02S0572,raw_sources/rh_rpc.request.json,https://rpc.mainnet.chain.robinhood.com,2026-10-08T06:41:03.707332+00:00,eth_getTransactionCount,,HTTP Error 403: Forbidden,
V02S0573,raw_sources/rh_start_0.request.json,https://rpc.mainnet.chain.robinhood.com,2026-10-08T07:52:56.218718+00:00,POST,rh_start_0.response.json,,
V02S0574,raw_sources/rh_start_1.request.json,https://rpc.mainnet.chain.robinhood.com,2026-10-08T07:53:03.111911+00:00,POST,rh_start_1.response.json,,
V02S0575,raw_sources/rh_start_10.request.json,https://rpc.mainnet.chain.robinhood.com,2026-10-08T07:54:21.644493+00:00,POST,rh_start_10.response.json,,
V02S0576,raw_sources/rh_start_11.request.json,https://rpc.mainnet.chain.robinhood.com,2026-10-08T07:54:32.298569+00:00,POST,rh_start_11.response.json,,
V02S0577,raw_sources/rh_start_12.request.json,https://rpc.mainnet.chain.robinhood.com,2026-10-08T07:54:41.922217+00:00,POST,rh_start_12.response.json,,
V02S0578,raw_sources/rh_start_13.request.json,https://rpc.mainnet.chain.robinhood.com,2026-10-08T07:54:50.996796+00:00,POST,rh_start_13.response.json,,
V02S0579,raw_sources/rh_start_14.request.json,https://rpc.mainnet.chain.robinhood.com,2026-10-08T07:55:03.567720+00:00,POST,rh_start_14.response.json,,
V02S0580,raw_sources/rh_start_15.request.json,https://rpc.mainnet.chain.robinhood.com,2026-10-08T07:55:10.899949+00:00,POST,rh_start_15.response.json,,
V02S0581,raw_sources/rh_start_16.request.json,https://rpc.mainnet.chain.robinhood.com,2026-10-08T07:55:18.284224+00:00,POST,rh_start_16.response.json,,
V02S0582,raw_sources/rh_start_17.request.json,https://rpc.mainnet.chain.robinhood.com,2026-10-08T07:55:25.009297+00:00,POST,rh_start_17.response.json,,
V02S0583,raw_sources/rh_start_18.request.json,https://rpc.mainnet.chain.robinhood.com,2026-10-08T07:55:34.653759+00:00,POST,rh_start_18.response.json,,
V02S0584,raw_sources/rh_start_19.request.json,https://rpc.mainnet.chain.robinhood.com,2026-10-08T07:55:44.441320+00:00,POST,rh_start_19.response.json,,
V02S0585,raw_sources/rh_start_2.request.json,https://rpc.mainnet.chain.robinhood.com,2026-10-08T07:53:13.514550+00:00,POST,rh_start_2.response.json,,
V02S0586,raw_sources/rh_start_20.request.json,https://rpc.mainnet.chain.robinhood.com,2026-10-08T07:55:56.393910+00:00,POST,rh_start_20.response.json,,
V02S0587,raw_sources/rh_start_21.request.json,https://rpc.mainnet.chain.robinhood.com,2026-10-08T07:56:05.787731+00:00,POST,rh_start_21.response.json,,
V02S0588,raw_sources/rh_start_22.request.json,https://rpc.mainnet.chain.robinhood.com,2026-10-08T07:56:15.703315+00:00,POST,rh_start_22.response.json,,
V02S0589,raw_sources/rh_start_23.request.json,https://rpc.mainnet.chain.robinhood.com,2026-10-08T07:56:25.418840+00:00,POST,rh_start_23.response.json,,
V02S0590,raw_sources/rh_start_24.request.json,https://rpc.mainnet.chain.robinhood.com,2026-10-08T07:56:34.142797+00:00,POST,rh_start_24.response.json,,
V02S0591,raw_sources/rh_start_25.request.json,https://rpc.mainnet.chain.robinhood.com,2026-10-08T07:56:42.689186+00:00,POST,rh_start_25.response.json,,
V02S0592,raw_sources/rh_start_26.request.json,https://rpc.mainnet.chain.robinhood.com,2026-10-08T07:56:49.848159+00:00,POST,rh_start_26.response.json,,
V02S0593,raw_sources/rh_start_3.request.json,https://rpc.mainnet.chain.robinhood.com,2026-10-08T07:53:26.707441+00:00,POST,rh_start_3.response.json,,
V02S0594,raw_sources/rh_start_4.request.json,https://rpc.mainnet.chain.robinhood.com,2026-10-08T07:53:31.931147+00:00,POST,rh_start_4.response.json,,
V02S0595,raw_sources/rh_start_5.request.json,https://rpc.mainnet.chain.robinhood.com,2026-10-08T07:53:39.371310+00:00,POST,rh_start_5.response.json,,
V02S0596,raw_sources/rh_start_6.request.json,https://rpc.mainnet.chain.robinhood.com,2026-10-08T07:53:46.071986+00:00,POST,rh_start_6.response.json,,
V02S0597,raw_sources/rh_start_7.request.json,https://rpc.mainnet.chain.robinhood.com,2026-10-08T07:53:54.025177+00:00,POST,rh_start_7.response.json,,
V02S0598,raw_sources/rh_start_8.request.json,https://rpc.mainnet.chain.robinhood.com,2026-10-08T07:54:01.473907+00:00,POST,rh_start_8.response.json,,
V02S0599,raw_sources/rh_start_9.request.json,https://rpc.mainnet.chain.robinhood.com,2026-10-08T07:54:11.868624+00:00,POST,rh_start_9.response.json,,
V02S0600,raw_sources/rh_token_0x020bfc650a365f8bb26819deaabf3e21291018b4_decimals.request.json,https://rpc.mainnet.chain.robinhood.com,2026-10-08T08:03:07.385709+00:00,POST,rh_token_0x020bfc650a365f8bb26819deaabf3e21291018b4_decimals.response.json,,
V02S0601,raw_sources/rh_token_0x020bfc650a365f8bb26819deaabf3e21291018b4_name.request.json,https://rpc.mainnet.chain.robinhood.com,2026-10-08T08:03:07.459848+00:00,POST,rh_token_0x020bfc650a365f8bb26819deaabf3e21291018b4_name.response.json,,
V02S0602,raw_sources/rh_token_0x020bfc650a365f8bb26819deaabf3e21291018b4_symbol.request.json,https://rpc.mainnet.chain.robinhood.com,2026-10-08T08:03:07.439889+00:00,POST,rh_token_0x020bfc650a365f8bb26819deaabf3e21291018b4_symbol.response.json,,
V02S0603,raw_sources/rh_token_0x0bd7d308f8e1639fab988df18a8011f41eacad73_decimals.request.json,https://rpc.mainnet.chain.robinhood.com,2026-10-08T08:02:59.479937+00:00,POST,rh_token_0x0bd7d308f8e1639fab988df18a8011f41eacad73_decimals.response.json,,
V02S0604,raw_sources/rh_token_0x0bd7d308f8e1639fab988df18a8011f41eacad73_name.request.json,https://rpc.mainnet.chain.robinhood.com,2026-10-08T08:03:07.284373+00:00,POST,rh_token_0x0bd7d308f8e1639fab988df18a8011f41eacad73_name.response.json,,
V02S0605,raw_sources/rh_token_0x0bd7d308f8e1639fab988df18a8011f41eacad73_symbol.request.json,https://rpc.mainnet.chain.robinhood.com,2026-10-08T08:02:59.575711+00:00,POST,rh_token_0x0bd7d308f8e1639fab988df18a8011f41eacad73_symbol.response.json,,
V02S0606,raw_sources/rh_token_0xc60ba256b44334a0cd2c7242e98b88f031abb006_decimals.request.json,https://rpc.mainnet.chain.robinhood.com,2026-10-08T08:03:07.502089+00:00,POST,rh_token_0xc60ba256b44334a0cd2c7242e98b88f031abb006_decimals.response.json,,
V02S0607,raw_sources/rh_token_0xc60ba256b44334a0cd2c7242e98b88f031abb006_name.request.json,https://rpc.mainnet.chain.robinhood.com,2026-10-08T08:03:13.791856+00:00,POST,rh_token_0xc60ba256b44334a0cd2c7242e98b88f031abb006_name.response.json,,
V02S0608,raw_sources/rh_token_0xc60ba256b44334a0cd2c7242e98b88f031abb006_symbol.request.json,https://rpc.mainnet.chain.robinhood.com,2026-10-08T08:03:07.513460+00:00,POST,rh_token_0xc60ba256b44334a0cd2c7242e98b88f031abb006_symbol.response.json,,
V02S0609,raw_sources/rh_transactions_0.request.json,https://explorer.robinhood.com/api/v2/addresses/0x14AA2A71dbb5eF87b81F92205E2699AA4aa65794/transactions,2026-10-08T06:57:21.638276+00:00,GET,,HTTP Error 502: Bad Gateway,
V02S0610,raw_sources/rh_transactions_1.request.json,https://explorer.robinhood.com/api/v2/addresses/0x427C4b37de0714821B09C4FC655a713AbbCfbA83/transactions,2026-10-08T06:57:27.724451+00:00,GET,,HTTP Error 502: Bad Gateway,
V02S0611,raw_sources/rh_window_logs_0_81901837.request.json,https://rpc.mainnet.chain.robinhood.com,2026-10-08T08:00:38.940041+00:00,POST,rh_window_logs_0_81901837.response.json,,
V02S0612,raw_sources/rh_window_logs_0_81931836.request.json,https://rpc.mainnet.chain.robinhood.com,2026-10-08T08:00:38.941542+00:00,POST,rh_window_logs_0_81931836.response.json,,
V02S0613,raw_sources/rh_window_logs_1_81901837.request.json,https://rpc.mainnet.chain.robinhood.com,2026-10-08T08:00:47.304165+00:00,POST,rh_window_logs_1_81901837.response.json,,
V02S0614,raw_sources/rh_window_logs_1_81931836.request.json,https://rpc.mainnet.chain.robinhood.com,2026-10-08T08:00:47.341816+00:00,POST,rh_window_logs_1_81931836.response.json,,
V02S0615,raw_sources/rh_window_nonce_0_end.request.json,https://rpc.mainnet.chain.robinhood.com,2026-10-08T08:00:38.939494+00:00,POST,rh_window_nonce_0_end.response.json,,
V02S0616,raw_sources/rh_window_nonce_0_start.request.json,https://rpc.mainnet.chain.robinhood.com,2026-10-08T08:00:38.938924+00:00,POST,rh_window_nonce_0_start.response.json,,
V02S0617,raw_sources/rh_window_nonce_1_end.request.json,https://rpc.mainnet.chain.robinhood.com,2026-10-08T08:00:47.300916+00:00,POST,rh_window_nonce_1_end.response.json,,
V02S0618,raw_sources/rh_window_nonce_1_start.request.json,https://rpc.mainnet.chain.robinhood.com,2026-10-08T08:00:47.278521+00:00,POST,rh_window_nonce_1_start.response.json,,
V02S0619,raw_sources/trace_transaction_0x0b6a877380470ecac266e5246f6c975a530ffb1c153845771b60068761363b80.request.json,https://eth.drpc.org,2026-10-08T07:07:55.555987+00:00,POST,trace_transaction_0x0b6a877380470ecac266e5246f6c975a530ffb1c153845771b60068761363b80.response.json,,
V02S0620,raw_sources/trace_transaction_0x2b422b1831483eb9158ef56d9faed48e150d907e5773e4b97f6d8147cc5204c3.request.json,https://eth.drpc.org,2026-10-08T07:08:05.138910+00:00,POST,trace_transaction_0x2b422b1831483eb9158ef56d9faed48e150d907e5773e4b97f6d8147cc5204c3.response.json,,
V02S0621,raw_sources/trace_transaction_0x3b55306138fd68b7a3863aa8ac29cdf786f4807deb4e36ed237671b59220d988.request.json,https://eth.drpc.org,2026-10-08T07:08:05.153948+00:00,POST,trace_transaction_0x3b55306138fd68b7a3863aa8ac29cdf786f4807deb4e36ed237671b59220d988.response.json,,
V02S0622,raw_sources/trace_transaction_0x3d417a0ebec865a9889dd5469fd14532a48a0b36c3a145e54230364532944252.request.json,https://eth.drpc.org,2026-10-08T07:08:05.012693+00:00,POST,trace_transaction_0x3d417a0ebec865a9889dd5469fd14532a48a0b36c3a145e54230364532944252.response.json,,
V02S0623,raw_sources/trace_transaction_0x5ae46f2541d52f0f1b907c6a02ebe6cd71f3525a4ee3e6bbfe8d8341661f7ce9.request.json,https://eth.drpc.org,2026-10-08T07:08:10.779768+00:00,POST,trace_transaction_0x5ae46f2541d52f0f1b907c6a02ebe6cd71f3525a4ee3e6bbfe8d8341661f7ce9.response.json,,
V02S0624,raw_sources/trace_transaction_0x5b8ab3e41fe8eb1ababc70fee036100af41e9afa9588c8a53ba99bec25c3530b.request.json,https://eth.drpc.org,2026-10-08T07:08:10.857282+00:00,POST,trace_transaction_0x5b8ab3e41fe8eb1ababc70fee036100af41e9afa9588c8a53ba99bec25c3530b.response.json,,
V02S0625,raw_sources/trace_transaction_0x5d6b414f8b7ecdcee5ffdb378ceb3de228cec732037437d759900ed7b34d1b1a.request.json,https://eth.drpc.org,2026-10-08T07:08:14.901505+00:00,POST,trace_transaction_0x5d6b414f8b7ecdcee5ffdb378ceb3de228cec732037437d759900ed7b34d1b1a.response.json,,
V02S0626,raw_sources/trace_transaction_0x6a0ea3e332600ed01ce57d9d25e2f7ac117b411b084011906038cc8b48f39ae2.request.json,https://eth.drpc.org,2026-10-08T07:08:00.450423+00:00,POST,trace_transaction_0x6a0ea3e332600ed01ce57d9d25e2f7ac117b411b084011906038cc8b48f39ae2.response.json,,
V02S0627,raw_sources/trace_transaction_0x74fde4a6ce17dc1628fd6f3dd7099e86037aba987d74e9b189df2d25b6e2b06f.request.json,https://eth.drpc.org,2026-10-08T07:07:55.565241+00:00,POST,trace_transaction_0x74fde4a6ce17dc1628fd6f3dd7099e86037aba987d74e9b189df2d25b6e2b06f.response.json,,
V02S0628,raw_sources/trace_transaction_0x7768d5b0506bf88fbc4c5d94f51eb8fff49dc67d55fd1d632811f8ce78087b8c.request.json,https://eth.drpc.org,2026-10-08T07:08:05.113383+00:00,POST,trace_transaction_0x7768d5b0506bf88fbc4c5d94f51eb8fff49dc67d55fd1d632811f8ce78087b8c.response.json,,
V02S0629,raw_sources/trace_transaction_0x7873e900cc196ea94a7c671f7f299fe6842412e6048fac07411655e1161ec9cf.request.json,https://eth.drpc.org,2026-10-08T07:08:05.187949+00:00,POST,trace_transaction_0x7873e900cc196ea94a7c671f7f299fe6842412e6048fac07411655e1161ec9cf.response.json,,
V02S0630,raw_sources/trace_transaction_0x7934a9f4945e9a8499d7967a922ccf8bd54f5c38c642d22b506c34edf24dd663.request.json,https://eth.drpc.org,2026-10-08T07:08:10.863529+00:00,POST,trace_transaction_0x7934a9f4945e9a8499d7967a922ccf8bd54f5c38c642d22b506c34edf24dd663.response.json,,
V02S0631,raw_sources/trace_transaction_0x794649aaa990c10f12c40b94d4d198280abb2645e134bf5a4fcede4cb098a405.request.json,https://eth.drpc.org,2026-10-08T07:08:05.160355+00:00,POST,trace_transaction_0x794649aaa990c10f12c40b94d4d198280abb2645e134bf5a4fcede4cb098a405.response.json,,
V02S0632,raw_sources/trace_transaction_0x82baf0241ef2cbaa4d05cf1a5279705a330ec2cb27054f782f3b602697475d8f.request.json,https://eth.drpc.org,2026-10-08T07:08:00.480203+00:00,POST,trace_transaction_0x82baf0241ef2cbaa4d05cf1a5279705a330ec2cb27054f782f3b602697475d8f.response.json,,
V02S0633,raw_sources/trace_transaction_0x85ac8c0202089c79a04a9f91a7e17b37144b4c1b74af4295da23e2969d4b352a.request.json,https://eth.drpc.org,2026-10-08T07:08:14.835349+00:00,POST,trace_transaction_0x85ac8c0202089c79a04a9f91a7e17b37144b4c1b74af4295da23e2969d4b352a.response.json,,
V02S0634,raw_sources/trace_transaction_0x92a72a65796a2027d70ebbea019387bf3602bbad5533bcb929911d0438fda0b7.request.json,https://eth.drpc.org,2026-10-08T07:07:55.553315+00:00,POST,trace_transaction_0x92a72a65796a2027d70ebbea019387bf3602bbad5533bcb929911d0438fda0b7.response.json,,
V02S0635,raw_sources/trace_transaction_0xa8b7de369a499a844c12f59905ef4c52386272b10aac66d9e3aeeaa9d02a145b.request.json,https://eth.drpc.org,2026-10-08T07:08:10.854636+00:00,POST,trace_transaction_0xa8b7de369a499a844c12f59905ef4c52386272b10aac66d9e3aeeaa9d02a145b.response.json,,
V02S0636,raw_sources/trace_transaction_0xaedc189291428449d48139f7e9866653f2d3c7ff6bb6150836ffc4b135369e2e.request.json,https://eth.drpc.org,2026-10-08T07:08:10.795713+00:00,POST,trace_transaction_0xaedc189291428449d48139f7e9866653f2d3c7ff6bb6150836ffc4b135369e2e.response.json,,
V02S0637,raw_sources/trace_transaction_0xb3681554b8220d486dd3990666dd35115f3df6b7b409705bacfe334fa4bc05e8.request.json,https://eth.drpc.org,2026-10-08T07:08:00.396266+00:00,POST,trace_transaction_0xb3681554b8220d486dd3990666dd35115f3df6b7b409705bacfe334fa4bc05e8.response.json,,
V02S0638,raw_sources/trace_transaction_0xbbe310b6f4159b7391d6f9e782eb3946c65fa74805109f970086a637dbf510e4.request.json,https://eth.drpc.org,2026-10-08T07:08:00.468982+00:00,POST,trace_transaction_0xbbe310b6f4159b7391d6f9e782eb3946c65fa74805109f970086a637dbf510e4.response.json,,
V02S0639,raw_sources/trace_transaction_0xc91408c8e986adfadd773337d056dc59ffc3983a789abc88deb4c2568f470e09.request.json,https://eth.drpc.org,2026-10-08T07:07:55.551804+00:00,POST,trace_transaction_0xc91408c8e986adfadd773337d056dc59ffc3983a789abc88deb4c2568f470e09.response.json,,
V02S0640,raw_sources/trace_transaction_0xcfd5a68c2b37ca438490eef9c7c9738e39b5ed934e7da2f702d62273ee786839.request.json,https://eth.drpc.org,2026-10-08T07:07:55.549708+00:00,POST,trace_transaction_0xcfd5a68c2b37ca438490eef9c7c9738e39b5ed934e7da2f702d62273ee786839.response.json,,
V02S0641,raw_sources/trace_transaction_0xcff34a0c22261839ef69e4039ad6726e01fc95663bdc192d21bf35699d7883a3.request.json,https://eth.drpc.org,2026-10-08T07:08:14.891996+00:00,POST,trace_transaction_0xcff34a0c22261839ef69e4039ad6726e01fc95663bdc192d21bf35699d7883a3.response.json,,
V02S0642,raw_sources/trace_transaction_0xd660af041faddd964b1d59cecc709beeb9e425282ab93a4d8f229455af69ff37.request.json,https://eth.drpc.org,2026-10-08T07:08:10.859118+00:00,POST,trace_transaction_0xd660af041faddd964b1d59cecc709beeb9e425282ab93a4d8f229455af69ff37.response.json,,
V02S0643,raw_sources/trace_transaction_0xe92d9f816ec06f36e69c38d17f818a9ca466127049595147a77009a9d4f4e6a3.request.json,https://eth.drpc.org,2026-10-08T07:08:00.466170+00:00,POST,trace_transaction_0xe92d9f816ec06f36e69c38d17f818a9ca466127049595147a77009a9d4f4e6a3.response.json,,
V02S0644,raw_sources/trace_transaction_0xebe14ec7d07afca402f002199e0334725f7db87ade15e97790a97b155d75acbe.request.json,https://eth.drpc.org,2026-10-08T07:07:55.563447+00:00,POST,trace_transaction_0xebe14ec7d07afca402f002199e0334725f7db87ade15e97790a97b155d75acbe.response.json,,
V02S0645,raw_sources/trace_transaction_0xeeea9c1a1aef96812de9e651032492397148eef17949df9b27c0f62fad2ebc2c.request.json,https://eth.drpc.org,2026-10-08T07:08:00.365587+00:00,POST,trace_transaction_0xeeea9c1a1aef96812de9e651032492397148eef17949df9b27c0f62fad2ebc2c.response.json,,
V02S0646,raw_sources/usdc_account.request.json,https://api.mainnet-beta.solana.com,2026-10-08T06:40:58.892181+00:00,getAccountInfo,usdc_account.response.json,,
V02S0647,raw_sources/zes_destination.request.json,https://api.mainnet-beta.solana.com,2026-10-08T06:43:39.944700+00:00,getAccountInfo,zes_destination.response.json,,
